id,account,value,currecny,tag,time
9002,DU2795887,1013001.8089,BASE,CashBalance,2020-12-28 09:15:31.730106
9002,DU2795887,1013001.8089,BASE,TotalCashBalance,2020-12-28 09:15:31.763285
9002,DU2795887,1012942.0265,BASE,NetLiquidationByCurrency,2020-12-28 09:15:31.792820
9002,DU2795887,1012998.397,BASE,CashBalance,2020-12-28 09:15:33.970374
9002,DU2795887,1012998.397,BASE,TotalCashBalance,2020-12-28 09:15:34.000719
9002,DU2795887,1012938.6148,BASE,NetLiquidationByCurrency,2020-12-28 09:15:34.037846
9002,DU2795887,1013011.4867,BASE,CashBalance,2020-12-28 09:15:48.739772
9002,DU2795887,1013011.4867,BASE,TotalCashBalance,2020-12-28 09:15:48.771709
9002,DU2795887,1012951.702,BASE,NetLiquidationByCurrency,2020-12-28 09:15:48.786727
9002,DU2795887,1013116.7537,BASE,CashBalance,2020-12-28 09:17:25.668025
9002,DU2795887,1013116.7537,BASE,TotalCashBalance,2020-12-28 09:17:25.700087
9002,DU2795887,1013056.949,BASE,NetLiquidationByCurrency,2020-12-28 09:17:25.732080
9002,DU2795887,1013033.5333,BASE,CashBalance,2020-12-28 09:20:40.692789
9002,DU2795887,1013033.5333,BASE,TotalCashBalance,2020-12-28 09:20:40.725264
9002,DU2795887,1012973.743,BASE,NetLiquidationByCurrency,2020-12-28 09:20:40.754789
9002,DU2795887,1013080.0695,BASE,CashBalance,2020-12-28 09:23:40.681678
9002,DU2795887,1013080.0695,BASE,TotalCashBalance,2020-12-28 09:23:40.712731
9002,DU2795887,1013020.2711,BASE,NetLiquidationByCurrency,2020-12-28 09:23:40.728727
9002,DU2795887,1013087.1306,BASE,CashBalance,2020-12-28 09:26:40.689726
9002,DU2795887,1013087.1306,BASE,TotalCashBalance,2020-12-28 09:26:40.721961
9002,DU2795887,1013027.331,BASE,NetLiquidationByCurrency,2020-12-28 09:26:40.751804
9002,DU2795887,1013078.6572,BASE,CashBalance,2020-12-28 09:29:41.187389
9002,DU2795887,1013078.6572,BASE,TotalCashBalance,2020-12-28 09:29:41.219407
9002,DU2795887,1013018.8591,BASE,NetLiquidationByCurrency,2020-12-28 09:29:41.268995
9002,DU2795887,1013128.8427,BASE,CashBalance,2020-12-28 09:32:39.122117
9002,DU2795887,1013128.8427,BASE,TotalCashBalance,2020-12-28 09:32:39.153604
9002,DU2795887,1013069.0356,BASE,NetLiquidationByCurrency,2020-12-28 09:32:39.184020
9002,DU2795887,1013115.753,BASE,CashBalance,2020-12-28 09:35:41.142390
9002,DU2795887,1013115.753,BASE,TotalCashBalance,2020-12-28 09:35:41.157251
9002,DU2795887,1013055.9484,BASE,NetLiquidationByCurrency,2020-12-28 09:35:41.188564
9002,DU2795887,1013241.55,BASE,CashBalance,2020-12-28 09:38:27.278640
9002,DU2795887,1013241.55,BASE,TotalCashBalance,2020-12-28 09:38:27.294789
9002,DU2795887,1013181.7213,BASE,NetLiquidationByCurrency,2020-12-28 09:38:27.309714
9002,DU2795887,1013216.1636,BASE,CashBalance,2020-12-28 09:38:41.170664
9002,DU2795887,1013216.1636,BASE,TotalCashBalance,2020-12-28 09:38:41.201623
9002,DU2795887,1013156.3393,BASE,NetLiquidationByCurrency,2020-12-28 09:38:41.233606
9002,DU2795887,1013105.4914,BASE,CashBalance,2020-12-28 09:39:54.440536
9002,DU2795887,1013105.4914,BASE,TotalCashBalance,2020-12-28 09:39:54.470577
9002,DU2795887,1013045.686,BASE,NetLiquidationByCurrency,2020-12-28 09:39:54.501479
9002,DU2795887,1013156.8396,BASE,CashBalance,2020-12-28 09:40:09.443104
9002,DU2795887,1013156.8396,BASE,TotalCashBalance,2020-12-28 09:40:09.475115
9002,DU2795887,1013097.0259,BASE,NetLiquidationByCurrency,2020-12-28 09:40:09.505128
9002,DU2795887,1013215.7137,BASE,CashBalance,2020-12-28 09:43:09.452106
9002,DU2795887,1013215.7137,BASE,TotalCashBalance,2020-12-28 09:43:09.483095
9002,DU2795887,1013155.8904,BASE,NetLiquidationByCurrency,2020-12-28 09:43:09.514099
9002,DU2795887,1013248.9496,BASE,CashBalance,2020-12-28 09:46:09.437831
9002,DU2795887,1013248.9496,BASE,TotalCashBalance,2020-12-28 09:46:09.468898
9002,DU2795887,1013189.121,BASE,NetLiquidationByCurrency,2020-12-28 09:46:09.498872
9002,DU2795887,1013259.1592,BASE,CashBalance,2020-12-28 09:47:06.631976
9002,DU2795887,1013259.1592,BASE,TotalCashBalance,2020-12-28 09:47:06.663975
9002,DU2795887,1013199.3283,BASE,NetLiquidationByCurrency,2020-12-28 09:47:06.696060
9002,DU2795887,1013261.7833,BASE,CashBalance,2020-12-28 09:47:21.624002
9002,DU2795887,1013261.7833,BASE,TotalCashBalance,2020-12-28 09:47:21.655984
9002,DU2795887,1013201.952,BASE,NetLiquidationByCurrency,2020-12-28 09:47:21.687967
9002,DU2795887,1013187.088,BASE,CashBalance,2020-12-28 09:50:21.654176
9002,DU2795887,1013187.088,BASE,TotalCashBalance,2020-12-28 09:50:21.686209
9002,DU2795887,1013127.2706,BASE,NetLiquidationByCurrency,2020-12-28 09:50:21.702150
9002,DU2795887,1013244.7262,BASE,CashBalance,2020-12-28 09:53:21.626257
9002,DU2795887,1013244.7262,BASE,TotalCashBalance,2020-12-28 09:53:21.657414
9002,DU2795887,1013184.898,BASE,NetLiquidationByCurrency,2020-12-28 09:53:21.688224
9002,DU2795887,1013263.0642,BASE,CashBalance,2020-12-28 09:56:21.592646
9002,DU2795887,1013263.0642,BASE,TotalCashBalance,2020-12-28 09:56:21.639623
9002,DU2795887,1013203.2326,BASE,NetLiquidationByCurrency,2020-12-28 09:56:21.671664
9002,DU2795887,1013312.8611,BASE,CashBalance,2020-12-28 09:59:21.617825
9002,DU2795887,1013312.8611,BASE,TotalCashBalance,2020-12-28 09:59:21.649823
9002,DU2795887,1013253.0202,BASE,NetLiquidationByCurrency,2020-12-28 09:59:21.680853
9002,DU2795887,1013284.0576,BASE,CashBalance,2020-12-28 10:02:21.621907
9002,DU2795887,1013284.0576,BASE,TotalCashBalance,2020-12-28 10:02:21.652901
9002,DU2795887,1013224.2221,BASE,NetLiquidationByCurrency,2020-12-28 10:02:21.684915
9002,DU2795887,1013282.7455,BASE,CashBalance,2020-12-28 10:05:21.600505
9002,DU2795887,1013282.7455,BASE,TotalCashBalance,2020-12-28 10:05:21.630065
9002,DU2795887,1013222.9103,BASE,NetLiquidationByCurrency,2020-12-28 10:05:21.660862
9002,DU2795887,1013255.2229,BASE,CashBalance,2020-12-28 10:08:21.629962
9002,DU2795887,1013255.2229,BASE,TotalCashBalance,2020-12-28 10:08:21.660947
9002,DU2795887,1013195.3928,BASE,NetLiquidationByCurrency,2020-12-28 10:08:21.692001
9002,DU2795887,1013269.6246,BASE,CashBalance,2020-12-28 10:11:21.627427
9002,DU2795887,1013269.6246,BASE,TotalCashBalance,2020-12-28 10:11:21.659426
9002,DU2795887,1013209.7918,BASE,NetLiquidationByCurrency,2020-12-28 10:11:21.691404
9002,DU2795887,1013280.1214,BASE,CashBalance,2020-12-28 10:14:21.619591
9002,DU2795887,1013280.1214,BASE,TotalCashBalance,2020-12-28 10:14:21.649467
9002,DU2795887,1013220.2866,BASE,NetLiquidationByCurrency,2020-12-28 10:14:21.681479
9002,DU2795887,1013308.9248,BASE,CashBalance,2020-12-28 10:17:21.623617
9002,DU2795887,1013308.9248,BASE,TotalCashBalance,2020-12-28 10:17:21.639967
9002,DU2795887,1013249.0847,BASE,NetLiquidationByCurrency,2020-12-28 10:17:21.671628
9002,DU2795887,1013335.1354,BASE,CashBalance,2020-12-28 10:20:21.605855
9002,DU2795887,1013335.1354,BASE,TotalCashBalance,2020-12-28 10:20:21.621800
9002,DU2795887,1013275.2904,BASE,NetLiquidationByCurrency,2020-12-28 10:20:21.652008
9002,DU2795887,1013213.2985,BASE,CashBalance,2020-12-28 10:23:21.585231
9002,DU2795887,1013213.2985,BASE,TotalCashBalance,2020-12-28 10:23:21.615861
9002,DU2795887,1013153.4762,BASE,NetLiquidationByCurrency,2020-12-28 10:23:21.646919
9002,DU2795887,1013209.3623,BASE,CashBalance,2020-12-28 10:24:00.001932
9002,DU2795887,1013209.3623,BASE,TotalCashBalance,2020-12-28 10:24:00.032894
9002,DU2795887,1013149.5407,BASE,NetLiquidationByCurrency,2020-12-28 10:24:00.093916
9002,DU2795887,1013276.1851,BASE,CashBalance,2020-12-28 10:26:57.804525
9002,DU2795887,1013276.1851,BASE,TotalCashBalance,2020-12-28 10:26:57.834431
9002,DU2795887,1013216.3511,BASE,NetLiquidationByCurrency,2020-12-28 10:26:57.865415
9002,DU2795887,1013282.7455,BASE,CashBalance,2020-12-28 10:29:57.862598
9002,DU2795887,1013282.7455,BASE,TotalCashBalance,2020-12-28 10:29:57.892564
9002,DU2795887,1013222.9103,BASE,NetLiquidationByCurrency,2020-12-28 10:29:57.924648
9002,DU2795887,1013269.6246,BASE,CashBalance,2020-12-28 10:32:58.442343
9002,DU2795887,1013269.6246,BASE,TotalCashBalance,2020-12-28 10:32:58.457257
9002,DU2795887,1013209.7918,BASE,NetLiquidationByCurrency,2020-12-28 10:32:58.489254
9002,DU2795887,1013312.8611,BASE,CashBalance,2020-12-28 10:35:57.861988
9002,DU2795887,1013312.8611,BASE,TotalCashBalance,2020-12-28 10:35:57.893919
9002,DU2795887,1013253.0202,BASE,NetLiquidationByCurrency,2020-12-28 10:35:57.925964
9002,DU2795887,1013239.4778,BASE,CashBalance,2020-12-28 10:38:57.852190
9002,DU2795887,1013239.4778,BASE,TotalCashBalance,2020-12-28 10:38:57.884273
9002,DU2795887,1013179.6506,BASE,NetLiquidationByCurrency,2020-12-28 10:38:57.916234
9002,DU2795887,1013318.1095,BASE,CashBalance,2020-12-28 10:41:57.830294
9002,DU2795887,1013318.1095,BASE,TotalCashBalance,2020-12-28 10:41:57.862782
9002,DU2795887,1013258.2676,BASE,NetLiquidationByCurrency,2020-12-28 10:41:57.893241
9002,DU2795887,1013315.4853,BASE,CashBalance,2020-12-28 10:44:57.857785
9002,DU2795887,1013315.4853,BASE,TotalCashBalance,2020-12-28 10:44:57.887766
9002,DU2795887,1013255.6439,BASE,NetLiquidationByCurrency,2020-12-28 10:44:57.918762
9002,DU2795887,1013361.3459,BASE,CashBalance,2020-12-28 10:47:57.815890
9002,DU2795887,1013361.3459,BASE,TotalCashBalance,2020-12-28 10:47:57.847861
9002,DU2795887,1013301.496,BASE,NetLiquidationByCurrency,2020-12-28 10:47:57.879894
9002,DU2795887,1013381.0197,BASE,CashBalance,2020-12-28 10:48:48.895013
9002,DU2795887,1013381.0197,BASE,TotalCashBalance,2020-12-28 10:48:48.926128
9002,DU2795887,1013321.1656,BASE,NetLiquidationByCurrency,2020-12-28 10:48:48.957983
9002,DU2795887,1013390.3169,BASE,CashBalance,2020-12-28 10:48:52.909138
9002,DU2795887,1013390.3169,BASE,TotalCashBalance,2020-12-28 10:48:52.923960
9002,DU2795887,1013330.4609,BASE,NetLiquidationByCurrency,2020-12-28 10:48:52.955156
9002,DU2795887,1013400.7824,BASE,CashBalance,2020-12-28 10:49:03.891083
9002,DU2795887,1013400.7824,BASE,TotalCashBalance,2020-12-28 10:49:03.921093
9002,DU2795887,1013340.9244,BASE,NetLiquidationByCurrency,2020-12-28 10:49:03.953058
9002,DU2795887,1013399.4703,BASE,CashBalance,2020-12-28 10:52:03.888523
9002,DU2795887,1013399.4703,BASE,TotalCashBalance,2020-12-28 10:52:03.919596
9002,DU2795887,1013339.6126,BASE,NetLiquidationByCurrency,2020-12-28 10:52:03.950530
9002,DU2795887,1013433.8017,BASE,CashBalance,2020-12-28 10:52:57.690032
9002,DU2795887,1013433.8017,BASE,TotalCashBalance,2020-12-28 10:52:57.720082
9002,DU2795887,1013373.9367,BASE,NetLiquidationByCurrency,2020-12-28 10:52:57.752108
9002,DU2795887,1013559.5749,BASE,CashBalance,2020-12-28 10:53:12.666633
9002,DU2795887,1013559.5749,BASE,TotalCashBalance,2020-12-28 10:53:12.698857
9002,DU2795887,1013499.6863,BASE,NetLiquidationByCurrency,2020-12-28 10:53:12.728684
9002,DU2795887,1013466.5415,BASE,CashBalance,2020-12-28 10:56:12.658404
9002,DU2795887,1013466.5415,BASE,TotalCashBalance,2020-12-28 10:56:12.690498
9002,DU2795887,1013406.6703,BASE,NetLiquidationByCurrency,2020-12-28 10:56:12.722460
9002,DU2795887,1013530.7401,BASE,CashBalance,2020-12-28 10:59:12.615416
9002,DU2795887,1013530.7401,BASE,TotalCashBalance,2020-12-28 10:59:12.646299
9002,DU2795887,1013470.857,BASE,NetLiquidationByCurrency,2020-12-28 10:59:12.676289
9002,DU2795887,1013515.0263,BASE,CashBalance,2020-12-28 11:02:12.630757
9002,DU2795887,1013515.0263,BASE,TotalCashBalance,2020-12-28 11:02:12.662745
9002,DU2795887,1013455.1461,BASE,NetLiquidationByCurrency,2020-12-28 11:02:12.695061
9002,DU2795887,1013492.752,BASE,CashBalance,2020-12-28 11:05:12.659376
9002,DU2795887,1013492.752,BASE,TotalCashBalance,2020-12-28 11:05:12.691404
9002,DU2795887,1013432.876,BASE,NetLiquidationByCurrency,2020-12-28 11:05:12.723409
9002,DU2795887,1013456.076,BASE,CashBalance,2020-12-28 11:08:12.629170
9002,DU2795887,1013456.076,BASE,TotalCashBalance,2020-12-28 11:08:12.660176
9002,DU2795887,1013396.2068,BASE,NetLiquidationByCurrency,2020-12-28 11:08:12.691228
9002,DU2795887,1013414.7436,BASE,CashBalance,2020-12-28 11:09:53.675346
9002,DU2795887,1013414.7436,BASE,TotalCashBalance,2020-12-28 11:09:53.706391
9002,DU2795887,1013354.8817,BASE,NetLiquidationByCurrency,2020-12-28 11:09:53.737321
9002,DU2795887,1013459.9012,BASE,CashBalance,2020-12-28 11:10:08.681874
9002,DU2795887,1013459.9012,BASE,TotalCashBalance,2020-12-28 11:10:08.730062
9002,DU2795887,1013400.0315,BASE,NetLiquidationByCurrency,2020-12-28 11:10:08.760923
9002,DU2795887,1013277.172,BASE,CashBalance,2020-12-28 11:12:55.280823
9002,DU2795887,1013277.172,BASE,TotalCashBalance,2020-12-28 11:12:55.311814
9002,DU2795887,1013217.3336,BASE,NetLiquidationByCurrency,2020-12-28 11:12:55.342888
9002,DU2795887,1013201.662,BASE,CashBalance,2020-12-28 11:13:08.659021
9002,DU2795887,1013201.662,BASE,TotalCashBalance,2020-12-28 11:13:08.688841
9002,DU2795887,1013141.8358,BASE,NetLiquidationByCurrency,2020-12-28 11:13:08.720803
9002,DU2795887,1013125.5655,BASE,CashBalance,2020-12-28 11:14:10.217853
9002,DU2795887,1013125.5655,BASE,TotalCashBalance,2020-12-28 11:14:10.249827
9002,DU2795887,1013065.7513,BASE,NetLiquidationByCurrency,2020-12-28 11:14:10.279968
9002,DU2795887,1013149.7146,BASE,CashBalance,2020-12-28 11:14:25.209868
9002,DU2795887,1013149.7146,BASE,TotalCashBalance,2020-12-28 11:14:25.241868
9002,DU2795887,1013089.8967,BASE,NetLiquidationByCurrency,2020-12-28 11:14:25.272880
9002,DU2795887,1012954.2442,BASE,CashBalance,2020-12-28 11:16:21.736369
9002,DU2795887,1012954.2442,BASE,TotalCashBalance,2020-12-28 11:16:21.768558
9002,DU2795887,1012894.4556,BASE,NetLiquidationByCurrency,2020-12-28 11:16:21.799385
9002,DU2795887,1012916.6478,BASE,CashBalance,2020-12-28 11:16:36.723157
9002,DU2795887,1012916.6478,BASE,TotalCashBalance,2020-12-28 11:16:36.754085
9002,DU2795887,1012856.8646,BASE,NetLiquidationByCurrency,2020-12-28 11:16:36.783929
9002,DU2795887,1012790.3021,BASE,CashBalance,2020-12-28 11:19:31.797920
9002,DU2795887,1012790.3021,BASE,TotalCashBalance,2020-12-28 11:19:31.827725
9002,DU2795887,1012730.5365,BASE,NetLiquidationByCurrency,2020-12-28 11:19:31.843831
9002,DU2795887,1012645.1035,BASE,CashBalance,2020-12-28 11:19:36.763812
9002,DU2795887,1012645.1035,BASE,TotalCashBalance,2020-12-28 11:19:36.795837
9002,DU2795887,1012585.3565,BASE,NetLiquidationByCurrency,2020-12-28 11:19:36.827830
9002,DU2795887,1012924.0232,BASE,CashBalance,2020-12-28 11:22:36.735797
9002,DU2795887,1012924.0232,BASE,TotalCashBalance,2020-12-28 11:22:36.766815
9002,DU2795887,1012864.2405,BASE,NetLiquidationByCurrency,2020-12-28 11:22:36.782831
9002,DU2795887,1012977.3199,BASE,CashBalance,2020-12-28 11:24:00.225899
9002,DU2795887,1012977.3199,BASE,TotalCashBalance,2020-12-28 11:24:00.256585
9002,DU2795887,1012917.5299,BASE,NetLiquidationByCurrency,2020-12-28 11:24:00.303730
9002,DU2795887,1012970.4694,BASE,CashBalance,2020-12-28 11:24:15.211631
9002,DU2795887,1012970.4694,BASE,TotalCashBalance,2020-12-28 11:24:15.258634
9002,DU2795887,1012910.6804,BASE,NetLiquidationByCurrency,2020-12-28 11:24:15.289630
9002,DU2795887,1012783.3917,BASE,CashBalance,2020-12-28 11:26:50.424015
9002,DU2795887,1012783.3917,BASE,TotalCashBalance,2020-12-28 11:26:50.469979
9002,DU2795887,1012723.629,BASE,NetLiquidationByCurrency,2020-12-28 11:26:50.500940
9002,DU2795887,1012732.6773,BASE,CashBalance,2020-12-28 11:27:05.408747
9002,DU2795887,1012732.6773,BASE,TotalCashBalance,2020-12-28 11:27:05.439748
9002,DU2795887,1012672.9215,BASE,NetLiquidationByCurrency,2020-12-28 11:27:05.487836
9002,DU2795887,1012626.0652,BASE,CashBalance,2020-12-28 11:27:35.876879
9002,DU2795887,1012626.0652,BASE,TotalCashBalance,2020-12-28 11:27:35.907808
9002,DU2795887,1012566.3236,BASE,NetLiquidationByCurrency,2020-12-28 11:27:35.937726
9002,DU2795887,1012524.8179,BASE,CashBalance,2020-12-28 11:27:50.885839
9002,DU2795887,1012524.8179,BASE,TotalCashBalance,2020-12-28 11:27:50.917855
9002,DU2795887,1012465.0893,BASE,NetLiquidationByCurrency,2020-12-28 11:27:50.948834
9002,DU2795887,1012415.9783,BASE,CashBalance,2020-12-28 11:28:50.528758
9002,DU2795887,1012415.9783,BASE,TotalCashBalance,2020-12-28 11:28:50.543899
9002,DU2795887,1012356.2633,BASE,NetLiquidationByCurrency,2020-12-28 11:28:50.574932
9002,DU2795887,1012436.0608,BASE,CashBalance,2020-12-28 11:29:05.564673
9002,DU2795887,1012436.0608,BASE,TotalCashBalance,2020-12-28 11:29:05.596746
9002,DU2795887,1012376.3434,BASE,NetLiquidationByCurrency,2020-12-28 11:29:05.627554
9002,DU2795887,1012629.0849,BASE,CashBalance,2020-12-28 11:31:28.016384
9002,DU2795887,1012629.0849,BASE,TotalCashBalance,2020-12-28 11:31:28.047436
9002,DU2795887,1012569.3438,BASE,NetLiquidationByCurrency,2020-12-28 11:31:28.078462
9002,DU2795887,1012674.9035,BASE,CashBalance,2020-12-28 11:31:43.042832
9002,DU2795887,1012674.9035,BASE,TotalCashBalance,2020-12-28 11:31:43.088711
9002,DU2795887,1012615.1565,BASE,NetLiquidationByCurrency,2020-12-28 11:31:43.118580
9002,DU2795887,1012634.7781,BASE,CashBalance,2020-12-28 11:34:43.009745
9002,DU2795887,1012634.7781,BASE,TotalCashBalance,2020-12-28 11:34:43.054953
9002,DU2795887,1012575.0362,BASE,NetLiquidationByCurrency,2020-12-28 11:34:43.084775
9002,DU2795887,1012414.9262,BASE,CashBalance,2020-12-28 11:36:54.992567
9002,DU2795887,1012414.9262,BASE,TotalCashBalance,2020-12-28 11:36:55.023398
9002,DU2795887,1012355.2122,BASE,NetLiquidationByCurrency,2020-12-28 11:36:55.053430
9002,DU2795887,1012457.1521,BASE,CashBalance,2020-12-28 11:37:09.984366
9002,DU2795887,1012457.1521,BASE,TotalCashBalance,2020-12-28 11:37:10.016301
9002,DU2795887,1012397.4329,BASE,NetLiquidationByCurrency,2020-12-28 11:37:10.046288
9002,DU2795887,1012282.2573,BASE,CashBalance,2020-12-28 11:40:09.983613
9002,DU2795887,1012282.2573,BASE,TotalCashBalance,2020-12-28 11:40:10.014713
9002,DU2795887,1012222.5594,BASE,NetLiquidationByCurrency,2020-12-28 11:40:10.029512
9002,DU2795887,1012193.7922,BASE,CashBalance,2020-12-28 11:40:33.095214
9002,DU2795887,1012193.7922,BASE,TotalCashBalance,2020-12-28 11:40:33.126573
9002,DU2795887,1012134.1049,BASE,NetLiquidationByCurrency,2020-12-28 11:40:33.142158
9002,DU2795887,1012183.2263,BASE,CashBalance,2020-12-28 11:40:48.065476
9002,DU2795887,1012183.2263,BASE,TotalCashBalance,2020-12-28 11:40:48.095268
9002,DU2795887,1012123.5402,BASE,NetLiquidationByCurrency,2020-12-28 11:40:48.158357
9002,DU2795887,1012387.9528,BASE,CashBalance,2020-12-28 11:43:48.093787
9002,DU2795887,1012387.9528,BASE,TotalCashBalance,2020-12-28 11:43:48.125831
9002,DU2795887,1012328.243,BASE,NetLiquidationByCurrency,2020-12-28 11:43:48.155810
9002,DU2795887,1012415.087,BASE,CashBalance,2020-12-28 11:44:16.935584
9002,DU2795887,1012415.087,BASE,TotalCashBalance,2020-12-28 11:44:16.965430
9002,DU2795887,1012355.3738,BASE,NetLiquidationByCurrency,2020-12-28 11:44:16.996361
9002,DU2795887,1012384.9394,BASE,CashBalance,2020-12-28 11:44:31.967128
9002,DU2795887,1012384.9394,BASE,TotalCashBalance,2020-12-28 11:44:31.998150
9002,DU2795887,1012325.2298,BASE,NetLiquidationByCurrency,2020-12-28 11:44:32.029118
9002,DU2795887,1012398.9827,BASE,CashBalance,2020-12-28 11:47:31.915210
9002,DU2795887,1012398.9827,BASE,TotalCashBalance,2020-12-28 11:47:31.946275
9002,DU2795887,1012339.2714,BASE,NetLiquidationByCurrency,2020-12-28 11:47:31.978207
9002,DU2795887,1012362.8439,BASE,CashBalance,2020-12-28 11:50:31.922557
9002,DU2795887,1012362.8439,BASE,TotalCashBalance,2020-12-28 11:50:31.953576
9002,DU2795887,1012303.137,BASE,NetLiquidationByCurrency,2020-12-28 11:50:31.985753
9002,DU2795887,1012390.9785,BASE,CashBalance,2020-12-28 11:53:31.924047
9002,DU2795887,1012390.9785,BASE,TotalCashBalance,2020-12-28 11:53:31.954073
9002,DU2795887,1012331.2682,BASE,NetLiquidationByCurrency,2020-12-28 11:53:31.986059
9002,DU2795887,1012370.8481,BASE,CashBalance,2020-12-28 11:56:31.908034
9002,DU2795887,1012370.8481,BASE,TotalCashBalance,2020-12-28 11:56:31.938000
9002,DU2795887,1012311.1402,BASE,NetLiquidationByCurrency,2020-12-28 11:56:31.969992
9002,DU2795887,1012417.1001,BASE,CashBalance,2020-12-28 11:59:31.928586
9002,DU2795887,1012417.1001,BASE,TotalCashBalance,2020-12-28 11:59:31.959590
9002,DU2795887,1012357.3866,BASE,NetLiquidationByCurrency,2020-12-28 11:59:31.991603
9002,DU2795887,1012344.7265,BASE,CashBalance,2020-12-28 12:02:31.926228
9002,DU2795887,1012344.7265,BASE,TotalCashBalance,2020-12-28 12:02:31.956256
9002,DU2795887,1012285.0218,BASE,NetLiquidationByCurrency,2020-12-28 12:02:31.987279
9002,DU2795887,1012419.1131,BASE,CashBalance,2020-12-28 12:05:31.936401
9002,DU2795887,1012419.1131,BASE,TotalCashBalance,2020-12-28 12:05:31.967014
9002,DU2795887,1012359.3994,BASE,NetLiquidationByCurrency,2020-12-28 12:05:31.999024
9002,DU2795887,1012415.087,BASE,CashBalance,2020-12-28 12:08:31.901331
9002,DU2795887,1012415.087,BASE,TotalCashBalance,2020-12-28 12:08:31.932428
9002,DU2795887,1012355.3738,BASE,NetLiquidationByCurrency,2020-12-28 12:08:31.964324
9002,DU2795887,1012431.1914,BASE,CashBalance,2020-12-28 12:11:31.914552
9002,DU2795887,1012431.1914,BASE,TotalCashBalance,2020-12-28 12:11:31.946398
9002,DU2795887,1012371.4761,BASE,NetLiquidationByCurrency,2020-12-28 12:11:31.976391
9002,DU2795887,1012374.8742,BASE,CashBalance,2020-12-28 12:14:31.915433
9002,DU2795887,1012374.8742,BASE,TotalCashBalance,2020-12-28 12:14:31.946475
9002,DU2795887,1012315.1658,BASE,NetLiquidationByCurrency,2020-12-28 12:14:31.976448
9002,DU2795887,1012270.3399,BASE,CashBalance,2020-12-28 12:17:31.942268
9002,DU2795887,1012270.3399,BASE,TotalCashBalance,2020-12-28 12:17:31.971945
9002,DU2795887,1012210.6442,BASE,NetLiquidationByCurrency,2020-12-28 12:17:32.002727
9002,DU2795887,1012246.5449,BASE,CashBalance,2020-12-28 12:18:37.257181
9002,DU2795887,1012246.5449,BASE,TotalCashBalance,2020-12-28 12:18:37.288242
9002,DU2795887,1012186.852,BASE,NetLiquidationByCurrency,2020-12-28 12:18:37.318212
9002,DU2795887,1012244.4318,BASE,CashBalance,2020-12-28 12:18:52.257480
9002,DU2795887,1012244.4318,BASE,TotalCashBalance,2020-12-28 12:18:52.273516
9002,DU2795887,1012184.739,BASE,NetLiquidationByCurrency,2020-12-28 12:18:52.304516
9002,DU2795887,1012229.6395,BASE,CashBalance,2020-12-28 12:21:52.276380
9002,DU2795887,1012229.6395,BASE,TotalCashBalance,2020-12-28 12:21:52.308394
9002,DU2795887,1012169.9485,BASE,NetLiquidationByCurrency,2020-12-28 12:21:52.340546
9002,DU2795887,1012126.2449,BASE,CashBalance,2020-12-28 12:23:59.801847
9002,DU2795887,1012126.2449,BASE,TotalCashBalance,2020-12-28 12:23:59.832795
9002,DU2795887,1012066.5658,BASE,NetLiquidationByCurrency,2020-12-28 12:23:59.864031
9002,DU2795887,1012010.2841,BASE,CashBalance,2020-12-28 12:25:25.514277
9002,DU2795887,1012010.2841,BASE,TotalCashBalance,2020-12-28 12:25:25.545449
9002,DU2795887,1011950.6183,BASE,NetLiquidationByCurrency,2020-12-28 12:25:25.576244
9002,DU2795887,1011997.0042,BASE,CashBalance,2020-12-28 12:25:40.537638
9002,DU2795887,1011997.0042,BASE,TotalCashBalance,2020-12-28 12:25:40.552707
9002,DU2795887,1011937.3399,BASE,NetLiquidationByCurrency,2020-12-28 12:25:40.584699
9002,DU2795887,1011988.2037,BASE,CashBalance,2020-12-28 12:28:40.526788
9002,DU2795887,1011988.2037,BASE,TotalCashBalance,2020-12-28 12:28:40.556649
9002,DU2795887,1011928.5403,BASE,NetLiquidationByCurrency,2020-12-28 12:28:40.572507
9002,DU2795887,1011992.6303,BASE,CashBalance,2020-12-28 12:31:40.532110
9002,DU2795887,1011992.6303,BASE,TotalCashBalance,2020-12-28 12:31:40.563209
9002,DU2795887,1011932.9664,BASE,NetLiquidationByCurrency,2020-12-28 12:31:40.593195
9002,DU2795887,1011924.0703,BASE,CashBalance,2020-12-28 12:34:40.526311
9002,DU2795887,1011924.0703,BASE,TotalCashBalance,2020-12-28 12:34:40.557473
9002,DU2795887,1011864.414,BASE,NetLiquidationByCurrency,2020-12-28 12:34:40.604377
9002,DU2795887,1011961.6439,BASE,CashBalance,2020-12-28 12:37:40.548912
9002,DU2795887,1011961.6439,BASE,TotalCashBalance,2020-12-28 12:37:40.580892
9002,DU2795887,1011901.9835,BASE,NetLiquidationByCurrency,2020-12-28 12:37:40.612913
9002,DU2795887,1011906.4166,BASE,CashBalance,2020-12-28 12:40:40.518837
9002,DU2795887,1011906.4166,BASE,TotalCashBalance,2020-12-28 12:40:40.550817
9002,DU2795887,1011846.7622,BASE,NetLiquidationByCurrency,2020-12-28 12:40:40.581813
9002,DU2795887,1011776.1024,BASE,CashBalance,2020-12-28 12:43:22.412375
9002,DU2795887,1011776.1024,BASE,TotalCashBalance,2020-12-28 12:43:22.442379
9002,DU2795887,1011716.4622,BASE,NetLiquidationByCurrency,2020-12-28 12:43:22.458424
9002,DU2795887,1011803.8087,BASE,CashBalance,2020-12-28 12:43:37.493432
9002,DU2795887,1011803.8087,BASE,TotalCashBalance,2020-12-28 12:43:37.525534
9002,DU2795887,1011744.1656,BASE,NetLiquidationByCurrency,2020-12-28 12:43:37.557561
9002,DU2795887,1011587.5893,BASE,CashBalance,2020-12-28 12:44:54.397701
9002,DU2795887,1011587.5893,BASE,TotalCashBalance,2020-12-28 12:44:54.429247
9002,DU2795887,1011527.969,BASE,NetLiquidationByCurrency,2020-12-28 12:44:54.458514
9002,DU2795887,1011604.427,BASE,CashBalance,2020-12-28 12:48:09.404211
9002,DU2795887,1011604.427,BASE,TotalCashBalance,2020-12-28 12:48:09.436165
9002,DU2795887,1011544.8049,BASE,NetLiquidationByCurrency,2020-12-28 12:48:09.468383
9002,DU2795887,1011758.7239,BASE,CashBalance,2020-12-28 12:51:09.397069
9002,DU2795887,1011758.7239,BASE,TotalCashBalance,2020-12-28 12:51:09.443117
9002,DU2795887,1011699.0861,BASE,NetLiquidationByCurrency,2020-12-28 12:51:09.490056
9002,DU2795887,1011734.588,BASE,CashBalance,2020-12-28 12:54:09.390548
9002,DU2795887,1011734.588,BASE,TotalCashBalance,2020-12-28 12:54:09.421355
9002,DU2795887,1011674.9528,BASE,NetLiquidationByCurrency,2020-12-28 12:54:09.452363
9002,DU2795887,1011563.7666,BASE,CashBalance,2020-12-28 12:55:43.515747
9002,DU2795887,1011563.7666,BASE,TotalCashBalance,2020-12-28 12:55:43.547937
9002,DU2795887,1011504.1485,BASE,NetLiquidationByCurrency,2020-12-28 12:55:43.579697
9002,DU2795887,1011586.3901,BASE,CashBalance,2020-12-28 12:55:58.483361
9002,DU2795887,1011586.3901,BASE,TotalCashBalance,2020-12-28 12:55:58.514438
9002,DU2795887,1011526.7697,BASE,NetLiquidationByCurrency,2020-12-28 12:55:58.545613
9002,DU2795887,1011568.7941,BASE,CashBalance,2020-12-28 12:58:58.482222
9002,DU2795887,1011568.7941,BASE,TotalCashBalance,2020-12-28 12:58:58.513416
9002,DU2795887,1011509.1754,BASE,NetLiquidationByCurrency,2020-12-28 12:58:58.544270
9002,DU2795887,1011455.8563,BASE,CashBalance,2020-12-28 13:01:58.479710
9002,DU2795887,1011455.8563,BASE,TotalCashBalance,2020-12-28 13:01:58.511695
9002,DU2795887,1011396.2486,BASE,NetLiquidationByCurrency,2020-12-28 13:01:58.558677
9002,DU2795887,1011581.3627,BASE,CashBalance,2020-12-28 13:04:58.470682
9002,DU2795887,1011581.3627,BASE,TotalCashBalance,2020-12-28 13:04:58.501658
9002,DU2795887,1011521.7428,BASE,NetLiquidationByCurrency,2020-12-28 13:04:58.517701
9002,DU2795887,1011674.2506,BASE,CashBalance,2020-12-28 13:07:58.447286
9002,DU2795887,1011674.2506,BASE,TotalCashBalance,2020-12-28 13:07:58.478242
9002,DU2795887,1011614.6216,BASE,NetLiquidationByCurrency,2020-12-28 13:07:58.509182
9002,DU2795887,1011596.3851,BASE,CashBalance,2020-12-28 13:10:58.472185
9002,DU2795887,1011596.3851,BASE,TotalCashBalance,2020-12-28 13:10:58.504362
9002,DU2795887,1011536.7638,BASE,NetLiquidationByCurrency,2020-12-28 13:10:58.566224
9002,DU2795887,1011621.5223,BASE,CashBalance,2020-12-28 13:13:58.473458
9002,DU2795887,1011621.5223,BASE,TotalCashBalance,2020-12-28 13:13:58.505566
9002,DU2795887,1011561.8985,BASE,NetLiquidationByCurrency,2020-12-28 13:13:58.535447
9002,DU2795887,1011792.2158,BASE,CashBalance,2020-12-28 13:16:58.464173
9002,DU2795887,1011792.2158,BASE,TotalCashBalance,2020-12-28 13:16:58.496242
9002,DU2795887,1011732.5754,BASE,NetLiquidationByCurrency,2020-12-28 13:16:58.527265
9002,DU2795887,1011825.2625,BASE,CashBalance,2020-12-28 13:17:18.680811
9002,DU2795887,1011825.2625,BASE,TotalCashBalance,2020-12-28 13:17:18.696852
9002,DU2795887,1011765.6184,BASE,NetLiquidationByCurrency,2020-12-28 13:17:18.759881
9002,DU2795887,1011887.6705,BASE,CashBalance,2020-12-28 13:17:33.676811
9002,DU2795887,1011887.6705,BASE,TotalCashBalance,2020-12-28 13:17:33.707816
9002,DU2795887,1011828.0198,BASE,NetLiquidationByCurrency,2020-12-28 13:17:33.739845
9002,DU2795887,1012010.1179,BASE,CashBalance,2020-12-28 13:20:33.683019
9002,DU2795887,1012010.1179,BASE,TotalCashBalance,2020-12-28 13:20:33.714058
9002,DU2795887,1011950.4543,BASE,NetLiquidationByCurrency,2020-12-28 13:20:33.730052
9002,DU2795887,1012047.3906,BASE,CashBalance,2020-12-28 13:21:20.799994
9002,DU2795887,1012047.3906,BASE,TotalCashBalance,2020-12-28 13:21:20.831774
9002,DU2795887,1011987.7228,BASE,NetLiquidationByCurrency,2020-12-28 13:21:20.863736
9002,DU2795887,1012056.1911,BASE,CashBalance,2020-12-28 13:21:35.785733
9002,DU2795887,1012056.1911,BASE,TotalCashBalance,2020-12-28 13:21:35.816781
9002,DU2795887,1011996.5224,BASE,NetLiquidationByCurrency,2020-12-28 13:21:35.847877
9002,DU2795887,1012060.6178,BASE,CashBalance,2020-12-28 13:24:00.056875
9002,DU2795887,1012060.6178,BASE,TotalCashBalance,2020-12-28 13:24:00.072806
9002,DU2795887,1012000.9485,BASE,NetLiquidationByCurrency,2020-12-28 13:24:00.102857
9002,DU2795887,1011981.0439,BASE,CashBalance,2020-12-28 13:26:57.532781
9002,DU2795887,1011981.0439,BASE,TotalCashBalance,2020-12-28 13:26:57.563847
9002,DU2795887,1011921.3835,BASE,NetLiquidationByCurrency,2020-12-28 13:26:57.624775
9002,DU2795887,1012038.5373,BASE,CashBalance,2020-12-28 13:29:57.519142
9002,DU2795887,1012038.5373,BASE,TotalCashBalance,2020-12-28 13:29:57.550147
9002,DU2795887,1011978.8705,BASE,NetLiquidationByCurrency,2020-12-28 13:29:57.580365
9002,DU2795887,1011963.3902,BASE,CashBalance,2020-12-28 13:32:57.531536
9002,DU2795887,1011963.3902,BASE,TotalCashBalance,2020-12-28 13:32:57.562462
9002,DU2795887,1011903.7316,BASE,NetLiquidationByCurrency,2020-12-28 13:32:57.594439
9002,DU2795887,1012025.2575,BASE,CashBalance,2020-12-28 13:35:57.525558
9002,DU2795887,1012025.2575,BASE,TotalCashBalance,2020-12-28 13:35:57.555580
9002,DU2795887,1011965.5921,BASE,NetLiquidationByCurrency,2020-12-28 13:35:57.587594
9002,DU2795887,1012071.6843,BASE,CashBalance,2020-12-28 13:38:57.517783
9002,DU2795887,1012071.6843,BASE,TotalCashBalance,2020-12-28 13:38:57.548774
9002,DU2795887,1012012.0138,BASE,NetLiquidationByCurrency,2020-12-28 13:38:57.579777
9002,DU2795887,1012091.5514,BASE,CashBalance,2020-12-28 13:41:57.534231
9002,DU2795887,1012091.5514,BASE,TotalCashBalance,2020-12-28 13:41:57.565252
9002,DU2795887,1012031.8787,BASE,NetLiquidationByCurrency,2020-12-28 13:41:57.581231
9002,DU2795887,1012060.6178,BASE,CashBalance,2020-12-28 13:44:57.489109
9002,DU2795887,1012060.6178,BASE,TotalCashBalance,2020-12-28 13:44:57.519927
9002,DU2795887,1012000.9485,BASE,NetLiquidationByCurrency,2020-12-28 13:44:57.551978
9002,DU2795887,1012129.1777,BASE,CashBalance,2020-12-28 13:47:57.526847
9002,DU2795887,1012129.1777,BASE,TotalCashBalance,2020-12-28 13:47:57.542718
9002,DU2795887,1012069.5009,BASE,NetLiquidationByCurrency,2020-12-28 13:47:57.574665
9002,DU2795887,1012069.471,BASE,CashBalance,2020-12-28 13:50:57.500216
9002,DU2795887,1012069.471,BASE,TotalCashBalance,2020-12-28 13:50:57.530962
9002,DU2795887,1012009.8008,BASE,NetLiquidationByCurrency,2020-12-28 13:50:57.561979
9002,DU2795887,1012087.1775,BASE,CashBalance,2020-12-28 13:53:57.468672
9002,DU2795887,1012087.1775,BASE,TotalCashBalance,2020-12-28 13:53:57.500762
9002,DU2795887,1012027.5053,BASE,NetLiquidationByCurrency,2020-12-28 13:53:57.530753
9002,DU2795887,1012155.6848,BASE,CashBalance,2020-12-28 13:56:57.506217
9002,DU2795887,1012155.6848,BASE,TotalCashBalance,2020-12-28 13:56:57.537221
9002,DU2795887,1012096.005,BASE,NetLiquidationByCurrency,2020-12-28 13:56:57.584356
9002,DU2795887,1012202.1116,BASE,CashBalance,2020-12-28 13:59:57.512483
9002,DU2795887,1012202.1116,BASE,TotalCashBalance,2020-12-28 13:59:57.558432
9002,DU2795887,1012142.4267,BASE,NetLiquidationByCurrency,2020-12-28 13:59:57.589455
9002,DU2795887,1012262.1791,BASE,CashBalance,2020-12-28 14:01:33.885227
9002,DU2795887,1012262.1791,BASE,TotalCashBalance,2020-12-28 14:01:33.901184
9002,DU2795887,1012202.4873,BASE,NetLiquidationByCurrency,2020-12-28 14:01:33.933458
9002,DU2795887,1012266.4054,BASE,CashBalance,2020-12-28 14:01:48.890653
9002,DU2795887,1012266.4054,BASE,TotalCashBalance,2020-12-28 14:01:48.921618
9002,DU2795887,1012206.7132,BASE,NetLiquidationByCurrency,2020-12-28 14:01:48.952613
9002,DU2795887,1012477.4347,BASE,CashBalance,2020-12-28 14:03:48.950309
9002,DU2795887,1012477.4347,BASE,TotalCashBalance,2020-12-28 14:03:48.981293
9002,DU2795887,1012417.7178,BASE,NetLiquidationByCurrency,2020-12-28 14:03:49.012326
9002,DU2795887,1012519.6606,BASE,CashBalance,2020-12-28 14:04:03.937504
9002,DU2795887,1012519.6606,BASE,TotalCashBalance,2020-12-28 14:04:03.969273
9002,DU2795887,1012459.9386,BASE,NetLiquidationByCurrency,2020-12-28 14:04:04.001119
9002,DU2795887,1012431.1827,BASE,CashBalance,2020-12-28 14:07:03.960792
9002,DU2795887,1012431.1827,BASE,TotalCashBalance,2020-12-28 14:07:03.991856
9002,DU2795887,1012371.4714,BASE,NetLiquidationByCurrency,2020-12-28 14:07:04.022695
9002,DU2795887,1012376.9265,BASE,CashBalance,2020-12-28 14:10:03.935024
9002,DU2795887,1012376.9265,BASE,TotalCashBalance,2020-12-28 14:10:03.966034
9002,DU2795887,1012317.2218,BASE,NetLiquidationByCurrency,2020-12-28 14:10:03.997035
9002,DU2795887,1012579.956,BASE,CashBalance,2020-12-28 14:13:03.929720
9002,DU2795887,1012579.956,BASE,TotalCashBalance,2020-12-28 14:13:03.960728
9002,DU2795887,1012520.2266,BASE,NetLiquidationByCurrency,2020-12-28 14:13:03.992786
9002,DU2795887,1012636.2724,BASE,CashBalance,2020-12-28 14:15:02.357493
9002,DU2795887,1012636.2724,BASE,TotalCashBalance,2020-12-28 14:15:02.405446
9002,DU2795887,1012576.5362,BASE,NetLiquidationByCurrency,2020-12-28 14:15:02.420381
9002,DU2795887,1012701.22,BASE,CashBalance,2020-12-28 14:15:17.349606
9002,DU2795887,1012701.22,BASE,TotalCashBalance,2020-12-28 14:15:17.395399
9002,DU2795887,1012641.4755,BASE,NetLiquidationByCurrency,2020-12-28 14:15:17.411433
9002,DU2795887,1012716.4777,BASE,CashBalance,2020-12-28 14:18:17.352458
9002,DU2795887,1012716.4777,BASE,TotalCashBalance,2020-12-28 14:18:17.383433
9002,DU2795887,1012656.7312,BASE,NetLiquidationByCurrency,2020-12-28 14:18:17.414577
9002,DU2795887,1012477.5956,BASE,CashBalance,2020-12-28 14:20:00.896255
9002,DU2795887,1012477.5956,BASE,TotalCashBalance,2020-12-28 14:20:00.928223
9002,DU2795887,1012417.8794,BASE,NetLiquidationByCurrency,2020-12-28 14:20:00.960238
9002,DU2795887,1012481.6217,BASE,CashBalance,2020-12-28 14:20:15.913214
9002,DU2795887,1012481.6217,BASE,TotalCashBalance,2020-12-28 14:20:15.944443
9002,DU2795887,1012421.905,BASE,NetLiquidationByCurrency,2020-12-28 14:20:15.976230
9002,DU2795887,1012455.5001,BASE,CashBalance,2020-12-28 14:23:15.921467
9002,DU2795887,1012455.5001,BASE,TotalCashBalance,2020-12-28 14:23:15.952423
9002,DU2795887,1012395.7866,BASE,NetLiquidationByCurrency,2020-12-28 14:23:15.984555
9002,DU2795887,1012521.8345,BASE,CashBalance,2020-12-28 14:23:59.763765
9002,DU2795887,1012521.8345,BASE,TotalCashBalance,2020-12-28 14:23:59.794831
9002,DU2795887,1012462.113,BASE,NetLiquidationByCurrency,2020-12-28 14:23:59.827089
9002,DU2795887,1012525.8606,BASE,CashBalance,2020-12-28 14:26:57.410039
9002,DU2795887,1012525.8606,BASE,TotalCashBalance,2020-12-28 14:26:57.441037
9002,DU2795887,1012466.1386,BASE,NetLiquidationByCurrency,2020-12-28 14:26:57.473064
9002,DU2795887,1012429.3785,BASE,CashBalance,2020-12-28 14:29:57.424811
9002,DU2795887,1012429.3785,BASE,TotalCashBalance,2020-12-28 14:29:57.455576
9002,DU2795887,1012369.6682,BASE,NetLiquidationByCurrency,2020-12-28 14:29:57.486482
9002,DU2795887,1012469.5914,BASE,CashBalance,2020-12-28 14:32:57.402043
9002,DU2795887,1012469.5914,BASE,TotalCashBalance,2020-12-28 14:32:57.432996
9002,DU2795887,1012409.8761,BASE,NetLiquidationByCurrency,2020-12-28 14:32:57.465062
9002,DU2795887,1012574.1257,BASE,CashBalance,2020-12-28 14:35:57.422800
9002,DU2795887,1012574.1257,BASE,TotalCashBalance,2020-12-28 14:35:57.454782
9002,DU2795887,1012514.3977,BASE,NetLiquidationByCurrency,2020-12-28 14:35:57.485750
9002,DU2795887,1012578.1517,BASE,CashBalance,2020-12-28 14:38:57.421286
9002,DU2795887,1012578.1517,BASE,TotalCashBalance,2020-12-28 14:38:57.451190
9002,DU2795887,1012518.4233,BASE,NetLiquidationByCurrency,2020-12-28 14:38:57.483197
9002,DU2795887,1012533.9128,BASE,CashBalance,2020-12-28 14:41:57.406721
9002,DU2795887,1012533.9128,BASE,TotalCashBalance,2020-12-28 14:41:57.438741
9002,DU2795887,1012474.1897,BASE,NetLiquidationByCurrency,2020-12-28 14:41:57.470665
9002,DU2795887,1012692.5168,BASE,CashBalance,2020-12-28 14:44:39.342851
9002,DU2795887,1012692.5168,BASE,TotalCashBalance,2020-12-28 14:44:39.373810
9002,DU2795887,1012632.7742,BASE,NetLiquidationByCurrency,2020-12-28 14:44:39.405795
9002,DU2795887,1012661.9559,BASE,CashBalance,2020-12-28 14:44:54.312339
9002,DU2795887,1012661.9559,BASE,TotalCashBalance,2020-12-28 14:44:54.343278
9002,DU2795887,1012602.2172,BASE,NetLiquidationByCurrency,2020-12-28 14:44:54.375522
9002,DU2795887,1012757.4645,BASE,CashBalance,2020-12-28 14:47:54.338544
9002,DU2795887,1012757.4645,BASE,TotalCashBalance,2020-12-28 14:47:54.369620
9002,DU2795887,1012697.7136,BASE,NetLiquidationByCurrency,2020-12-28 14:47:54.400559
9002,DU2795887,1012709.733,BASE,CashBalance,2020-12-28 14:50:54.318117
9002,DU2795887,1012709.733,BASE,TotalCashBalance,2020-12-28 14:50:54.349004
9002,DU2795887,1012649.9881,BASE,NetLiquidationByCurrency,2020-12-28 14:50:54.379997
9002,DU2795887,1012671.5204,BASE,CashBalance,2020-12-28 14:53:54.316906
9002,DU2795887,1012671.5204,BASE,TotalCashBalance,2020-12-28 14:53:54.331810
9002,DU2795887,1012611.7805,BASE,NetLiquidationByCurrency,2020-12-28 14:53:54.362840
9002,DU2795887,1012577.9248,BASE,CashBalance,2020-12-28 14:56:54.307449
9002,DU2795887,1012577.9248,BASE,TotalCashBalance,2020-12-28 14:56:54.339345
9002,DU2795887,1012518.1968,BASE,NetLiquidationByCurrency,2020-12-28 14:56:54.371271
9002,DU2795887,1012488.0217,BASE,CashBalance,2020-12-28 14:58:23.222259
9002,DU2795887,1012488.0217,BASE,TotalCashBalance,2020-12-28 14:58:23.285253
9002,DU2795887,1012428.305,BASE,NetLiquidationByCurrency,2020-12-28 14:58:23.315207
9002,DU2795887,1012447.8088,BASE,CashBalance,2020-12-28 14:58:38.232462
9002,DU2795887,1012447.8088,BASE,TotalCashBalance,2020-12-28 14:58:38.264479
9002,DU2795887,1012388.097,BASE,NetLiquidationByCurrency,2020-12-28 14:58:38.296658
9002,DU2795887,1012305.0747,BASE,CashBalance,2020-12-28 15:01:38.224004
9002,DU2795887,1012305.0747,BASE,TotalCashBalance,2020-12-28 15:01:38.254965
9002,DU2795887,1012245.3802,BASE,NetLiquidationByCurrency,2020-12-28 15:01:38.286072
9002,DU2795887,1012282.8922,BASE,CashBalance,2020-12-28 15:01:42.363009
9002,DU2795887,1012282.8922,BASE,TotalCashBalance,2020-12-28 15:01:42.395030
9002,DU2795887,1012223.2002,BASE,NetLiquidationByCurrency,2020-12-28 15:01:42.425969
9002,DU2795887,1012325.1054,BASE,CashBalance,2020-12-28 15:01:57.363937
9002,DU2795887,1012325.1054,BASE,TotalCashBalance,2020-12-28 15:01:57.394969
9002,DU2795887,1012265.4085,BASE,NetLiquidationByCurrency,2020-12-28 15:01:57.425966
9002,DU2795887,1012259.6976,BASE,CashBalance,2020-12-28 15:04:57.334950
9002,DU2795887,1012259.6976,BASE,TotalCashBalance,2020-12-28 15:04:57.366851
9002,DU2795887,1012200.0083,BASE,NetLiquidationByCurrency,2020-12-28 15:04:57.398849
9002,DU2795887,1012494.0217,BASE,CashBalance,2020-12-28 15:06:06.221724
9002,DU2795887,1012494.0217,BASE,TotalCashBalance,2020-12-28 15:06:06.251663
9002,DU2795887,1012434.305,BASE,NetLiquidationByCurrency,2020-12-28 15:06:06.282653
9002,DU2795887,1012504.0869,BASE,CashBalance,2020-12-28 15:06:21.195711
9002,DU2795887,1012504.0869,BASE,TotalCashBalance,2020-12-28 15:06:21.225642
9002,DU2795887,1012444.369,BASE,NetLiquidationByCurrency,2020-12-28 15:06:21.257665
9002,DU2795887,1012574.4474,BASE,CashBalance,2020-12-28 15:09:21.218814
9002,DU2795887,1012574.4474,BASE,TotalCashBalance,2020-12-28 15:09:21.250930
9002,DU2795887,1012514.7209,BASE,NetLiquidationByCurrency,2020-12-28 15:09:21.282199
9002,DU2795887,1012550.3389,BASE,CashBalance,2020-12-28 15:12:21.214512
9002,DU2795887,1012550.3389,BASE,TotalCashBalance,2020-12-28 15:12:21.245479
9002,DU2795887,1012490.6153,BASE,NetLiquidationByCurrency,2020-12-28 15:12:21.277480
9002,DU2795887,1012693.0849,BASE,CashBalance,2020-12-28 15:13:59.902088
9002,DU2795887,1012693.0849,BASE,TotalCashBalance,2020-12-28 15:13:59.933303
9002,DU2795887,1012633.3438,BASE,NetLiquidationByCurrency,2020-12-28 15:13:59.963331
9002,DU2795887,1012673.9559,BASE,CashBalance,2020-12-28 15:14:14.911430
9002,DU2795887,1012673.9559,BASE,TotalCashBalance,2020-12-28 15:14:14.942200
9002,DU2795887,1012614.2172,BASE,NetLiquidationByCurrency,2020-12-28 15:14:14.972224
9002,DU2795887,1012744.6423,BASE,CashBalance,2020-12-28 15:17:14.907156
9002,DU2795887,1012744.6423,BASE,TotalCashBalance,2020-12-28 15:17:14.938167
9002,DU2795887,1012684.8945,BASE,NetLiquidationByCurrency,2020-12-28 15:17:14.968156
9002,DU2795887,1012712.1684,BASE,CashBalance,2020-12-28 15:20:14.918197
9002,DU2795887,1012712.1684,BASE,TotalCashBalance,2020-12-28 15:20:14.950180
9002,DU2795887,1012652.4249,BASE,NetLiquidationByCurrency,2020-12-28 15:20:14.981232
9002,DU2795887,1012723.6459,BASE,CashBalance,2020-12-28 15:23:14.908806
9002,DU2795887,1012723.6459,BASE,TotalCashBalance,2020-12-28 15:23:14.939884
9002,DU2795887,1012663.9008,BASE,NetLiquidationByCurrency,2020-12-28 15:23:14.969843
9002,DU2795887,1012715.9942,BASE,CashBalance,2020-12-28 15:24:00.228297
9002,DU2795887,1012715.9942,BASE,TotalCashBalance,2020-12-28 15:24:00.260237
9002,DU2795887,1012656.2502,BASE,NetLiquidationByCurrency,2020-12-28 15:24:00.292255
9002,DU2795887,1012769.4645,BASE,CashBalance,2020-12-28 15:26:57.784763
9002,DU2795887,1012769.4645,BASE,TotalCashBalance,2020-12-28 15:26:57.816841
9002,DU2795887,1012709.7136,BASE,NetLiquidationByCurrency,2020-12-28 15:26:57.846766
9002,DU2795887,1012796.1996,BASE,CashBalance,2020-12-28 15:29:57.804360
9002,DU2795887,1012796.1996,BASE,TotalCashBalance,2020-12-28 15:29:57.836427
9002,DU2795887,1012736.4452,BASE,NetLiquidationByCurrency,2020-12-28 15:29:57.867368
9002,DU2795887,1012896.9607,BASE,CashBalance,2020-12-28 15:31:15.067281
9002,DU2795887,1012896.9607,BASE,TotalCashBalance,2020-12-28 15:31:15.098142
9002,DU2795887,1012837.1932,BASE,NetLiquidationByCurrency,2020-12-28 15:31:15.129062
9002,DU2795887,1012992.9079,BASE,CashBalance,2020-12-28 15:31:30.045350
9002,DU2795887,1012992.9079,BASE,TotalCashBalance,2020-12-28 15:31:30.059704
9002,DU2795887,1012933.1275,BASE,NetLiquidationByCurrency,2020-12-28 15:31:30.090742
9002,DU2795887,1013073.5084,BASE,CashBalance,2020-12-28 15:33:38.106820
9002,DU2795887,1013073.5084,BASE,TotalCashBalance,2020-12-28 15:33:38.138851
9002,DU2795887,1013013.7166,BASE,NetLiquidationByCurrency,2020-12-28 15:33:38.169688
9002,DU2795887,1013075.221,BASE,CashBalance,2020-12-28 15:33:53.111127
9002,DU2795887,1013075.221,BASE,TotalCashBalance,2020-12-28 15:33:53.142109
9002,DU2795887,1013015.429,BASE,NetLiquidationByCurrency,2020-12-28 15:33:53.173121
9002,DU2795887,1013224.128,BASE,CashBalance,2020-12-28 15:36:26.357143
9002,DU2795887,1013224.128,BASE,TotalCashBalance,2020-12-28 15:36:26.388105
9002,DU2795887,1013164.3145,BASE,NetLiquidationByCurrency,2020-12-28 15:36:26.450048
9002,DU2795887,1013236.9896,BASE,CashBalance,2020-12-28 15:36:41.359999
9002,DU2795887,1013236.9896,BASE,TotalCashBalance,2020-12-28 15:36:41.391117
9002,DU2795887,1013177.1742,BASE,NetLiquidationByCurrency,2020-12-28 15:36:41.421984
9002,DU2795887,1013065.8073,BASE,CashBalance,2020-12-28 15:38:16.839146
9002,DU2795887,1013065.8073,BASE,TotalCashBalance,2020-12-28 15:38:16.871166
9002,DU2795887,1013006.0175,BASE,NetLiquidationByCurrency,2020-12-28 15:38:16.901139
9002,DU2795887,1013076.0831,BASE,CashBalance,2020-12-28 15:38:31.826362
9002,DU2795887,1013076.0831,BASE,TotalCashBalance,2020-12-28 15:38:31.857554
9002,DU2795887,1013016.2919,BASE,NetLiquidationByCurrency,2020-12-28 15:38:31.889362
9002,DU2795887,1013151.3166,BASE,CashBalance,2020-12-28 15:41:31.855358
9002,DU2795887,1013151.3166,BASE,TotalCashBalance,2020-12-28 15:41:31.901343
9002,DU2795887,1013091.5146,BASE,NetLiquidationByCurrency,2020-12-28 15:41:31.933199
9002,DU2795887,1013236.7396,BASE,CashBalance,2020-12-28 15:42:56.638804
9002,DU2795887,1013236.7396,BASE,TotalCashBalance,2020-12-28 15:42:56.669818
9002,DU2795887,1013176.9252,BASE,NetLiquidationByCurrency,2020-12-28 15:42:56.684710
9002,DU2795887,1013194.8915,BASE,CashBalance,2020-12-28 15:43:11.649709
9002,DU2795887,1013194.8915,BASE,TotalCashBalance,2020-12-28 15:43:11.680938
9002,DU2795887,1013135.0834,BASE,NetLiquidationByCurrency,2020-12-28 15:43:11.711729
9002,DU2795887,1013217.4281,BASE,CashBalance,2020-12-28 15:46:11.653832
9002,DU2795887,1013217.4281,BASE,TotalCashBalance,2020-12-28 15:46:11.685921
9002,DU2795887,1013157.6165,BASE,NetLiquidationByCurrency,2020-12-28 15:46:11.717825
9002,DU2795887,1013226.8284,BASE,CashBalance,2020-12-28 15:49:11.630820
9002,DU2795887,1013226.8284,BASE,TotalCashBalance,2020-12-28 15:49:11.662928
9002,DU2795887,1013167.0169,BASE,NetLiquidationByCurrency,2020-12-28 15:49:11.692913
9002,DU2795887,1013239.953,BASE,CashBalance,2020-12-28 15:52:11.824279
9002,DU2795887,1013239.953,BASE,TotalCashBalance,2020-12-28 15:52:11.856269
9002,DU2795887,1013180.139,BASE,NetLiquidationByCurrency,2020-12-28 15:52:11.902256
9002,DU2795887,1013267.3271,BASE,CashBalance,2020-12-28 15:55:26.823822
9002,DU2795887,1013267.3271,BASE,TotalCashBalance,2020-12-28 15:55:26.853820
9002,DU2795887,1013207.5089,BASE,NetLiquidationByCurrency,2020-12-28 15:55:26.885839
9002,DU2795887,1013239.953,BASE,CashBalance,2020-12-28 15:58:26.808166
9002,DU2795887,1013239.953,BASE,TotalCashBalance,2020-12-28 15:58:26.840141
9002,DU2795887,1013180.139,BASE,NetLiquidationByCurrency,2020-12-28 15:58:26.872142
9002,DU2795887,1013162.63,BASE,CashBalance,2020-12-28 16:01:26.814665
9002,DU2795887,1013162.63,BASE,TotalCashBalance,2020-12-28 16:01:26.846698
9002,DU2795887,1013102.8277,BASE,NetLiquidationByCurrency,2020-12-28 16:01:26.878695
9002,DU2795887,1013178.7549,BASE,CashBalance,2020-12-28 16:04:26.826759
9002,DU2795887,1013178.7549,BASE,TotalCashBalance,2020-12-28 16:04:26.857745
9002,DU2795887,1013118.9502,BASE,NetLiquidationByCurrency,2020-12-28 16:04:26.888778
9002,DU2795887,1013175.5299,BASE,CashBalance,2020-12-28 16:07:26.803171
9002,DU2795887,1013175.5299,BASE,TotalCashBalance,2020-12-28 16:07:26.833165
9002,DU2795887,1013115.7257,BASE,NetLiquidationByCurrency,2020-12-28 16:07:26.864220
9002,DU2795887,1013151.3809,BASE,CashBalance,2020-12-28 16:10:26.819458
9002,DU2795887,1013151.3809,BASE,TotalCashBalance,2020-12-28 16:10:26.851502
9002,DU2795887,1013091.5803,BASE,NetLiquidationByCurrency,2020-12-28 16:10:26.882458
9002,DU2795887,1013095.0203,BASE,CashBalance,2020-12-28 16:13:26.792600
9002,DU2795887,1013095.0203,BASE,TotalCashBalance,2020-12-28 16:13:26.822649
9002,DU2795887,1013035.2283,BASE,NetLiquidationByCurrency,2020-12-28 16:13:26.854662
9002,DU2795887,1013080.1199,BASE,CashBalance,2020-12-28 16:14:22.895938
9002,DU2795887,1013080.1199,BASE,TotalCashBalance,2020-12-28 16:14:22.927046
9002,DU2795887,1013020.3299,BASE,NetLiquidationByCurrency,2020-12-28 16:14:22.958805
9002,DU2795887,1013097.2463,BASE,CashBalance,2020-12-28 16:14:37.909492
9002,DU2795887,1013097.2463,BASE,TotalCashBalance,2020-12-28 16:14:37.941525
9002,DU2795887,1013037.4538,BASE,NetLiquidationByCurrency,2020-12-28 16:14:37.973687
9002,DU2795887,1013071.5568,BASE,CashBalance,2020-12-28 16:17:38.789646
9002,DU2795887,1013071.5568,BASE,TotalCashBalance,2020-12-28 16:17:38.820477
9002,DU2795887,1013011.768,BASE,NetLiquidationByCurrency,2020-12-28 16:17:38.836483
9002,DU2795887,1013028.8225,BASE,CashBalance,2020-12-28 16:20:37.897334
9002,DU2795887,1013028.8225,BASE,TotalCashBalance,2020-12-28 16:20:37.928652
9002,DU2795887,1012969.0398,BASE,NetLiquidationByCurrency,2020-12-28 16:20:37.944172
9002,DU2795887,1013021.972,BASE,CashBalance,2020-12-28 16:23:37.911748
9002,DU2795887,1013021.972,BASE,TotalCashBalance,2020-12-28 16:23:37.943958
9002,DU2795887,1012962.1903,BASE,NetLiquidationByCurrency,2020-12-28 16:23:37.975786
9002,DU2795887,1013042.4828,BASE,CashBalance,2020-12-28 16:29:37.901081
9002,DU2795887,1013042.4828,BASE,TotalCashBalance,2020-12-28 16:29:37.930966
9002,DU2795887,1012982.6982,BASE,NetLiquidationByCurrency,2020-12-28 16:29:37.963032
9002,DU2795887,1013018.5467,BASE,CashBalance,2020-12-28 16:32:37.894682
9002,DU2795887,1013018.5467,BASE,TotalCashBalance,2020-12-28 16:32:37.926715
9002,DU2795887,1012958.7655,BASE,NetLiquidationByCurrency,2020-12-28 16:32:37.941836
9002,DU2795887,1012974.0998,BASE,CashBalance,2020-12-28 16:35:37.879888
9002,DU2795887,1012974.0998,BASE,TotalCashBalance,2020-12-28 16:35:37.925938
9002,DU2795887,1012914.325,BASE,NetLiquidationByCurrency,2020-12-28 16:35:37.955723
9002,DU2795887,1012901.8634,BASE,CashBalance,2020-12-28 16:36:26.540730
9002,DU2795887,1012901.8634,BASE,TotalCashBalance,2020-12-28 16:36:26.588735
9002,DU2795887,1012842.0986,BASE,NetLiquidationByCurrency,2020-12-28 16:36:26.619889
9002,DU2795887,1012925.3862,BASE,CashBalance,2020-12-28 16:36:41.519495
9002,DU2795887,1012925.3862,BASE,TotalCashBalance,2020-12-28 16:36:41.551642
9002,DU2795887,1012865.6182,BASE,NetLiquidationByCurrency,2020-12-28 16:36:41.583513
9002,DU2795887,1012784.2061,BASE,CashBalance,2020-12-28 16:39:41.530932
9002,DU2795887,1012784.2061,BASE,TotalCashBalance,2020-12-28 16:39:41.561799
9002,DU2795887,1012724.4572,BASE,NetLiquidationByCurrency,2020-12-28 16:39:41.593009
9002,DU2795887,1012713.4075,BASE,CashBalance,2020-12-28 16:40:47.020374
9002,DU2795887,1012713.4075,BASE,TotalCashBalance,2020-12-28 16:40:47.052377
9002,DU2795887,1012653.6678,BASE,NetLiquidationByCurrency,2020-12-28 16:40:47.083474
9002,DU2795887,1012675.195,BASE,CashBalance,2020-12-28 16:41:02.015115
9002,DU2795887,1012675.195,BASE,TotalCashBalance,2020-12-28 16:41:02.047170
9002,DU2795887,1012615.4602,BASE,NetLiquidationByCurrency,2020-12-28 16:41:02.078106
9002,DU2795887,1012629.3308,BASE,CashBalance,2020-12-28 16:44:02.029940
9002,DU2795887,1012629.3308,BASE,TotalCashBalance,2020-12-28 16:44:02.060853
9002,DU2795887,1012569.6019,BASE,NetLiquidationByCurrency,2020-12-28 16:44:02.092850
9002,DU2795887,1012531.8217,BASE,CashBalance,2020-12-28 16:46:11.460892
9002,DU2795887,1012531.8217,BASE,TotalCashBalance,2020-12-28 16:46:11.476782
9002,DU2795887,1012472.105,BASE,NetLiquidationByCurrency,2020-12-28 16:46:11.491755
9002,DU2795887,1012499.661,BASE,CashBalance,2020-12-28 16:46:26.463526
9002,DU2795887,1012499.661,BASE,TotalCashBalance,2020-12-28 16:46:26.495473
9002,DU2795887,1012439.9482,BASE,NetLiquidationByCurrency,2020-12-28 16:46:26.527699
9002,DU2795887,1012525.7826,BASE,CashBalance,2020-12-28 16:49:26.467557
9002,DU2795887,1012525.7826,BASE,TotalCashBalance,2020-12-28 16:49:26.498350
9002,DU2795887,1012466.0666,BASE,NetLiquidationByCurrency,2020-12-28 16:49:26.529364
9002,DU2795887,1012393.1136,BASE,CashBalance,2020-12-28 16:52:26.441342
9002,DU2795887,1012393.1136,BASE,TotalCashBalance,2020-12-28 16:52:26.487248
9002,DU2795887,1012333.4138,BASE,NetLiquidationByCurrency,2020-12-28 16:52:26.518433
9002,DU2795887,1012371.0181,BASE,CashBalance,2020-12-28 16:55:26.464841
9002,DU2795887,1012371.0181,BASE,TotalCashBalance,2020-12-28 16:55:26.497028
9002,DU2795887,1012311.321,BASE,NetLiquidationByCurrency,2020-12-28 16:55:26.528030
9002,DU2795887,1012326.6922,BASE,CashBalance,2020-12-28 16:56:13.236181
9002,DU2795887,1012326.6922,BASE,TotalCashBalance,2020-12-28 16:56:13.268226
9002,DU2795887,1012267.0002,BASE,NetLiquidationByCurrency,2020-12-28 16:56:13.315112
9002,DU2795887,1012265.5108,BASE,CashBalance,2020-12-28 16:56:28.249924
9002,DU2795887,1012265.5108,BASE,TotalCashBalance,2020-12-28 16:56:28.281959
9002,DU2795887,1012205.8259,BASE,NetLiquidationByCurrency,2020-12-28 16:56:28.314009
9002,DU2795887,1012521.7653,BASE,CashBalance,2020-12-28 16:59:04.777666
9002,DU2795887,1012521.7653,BASE,TotalCashBalance,2020-12-28 16:59:04.808641
9002,DU2795887,1012462.0506,BASE,NetLiquidationByCurrency,2020-12-28 16:59:04.839670
9002,DU2795887,1012559.9651,BASE,CashBalance,2020-12-28 16:59:19.738278
9002,DU2795887,1012559.9651,BASE,TotalCashBalance,2020-12-28 16:59:19.786216
9002,DU2795887,1012500.2457,BASE,NetLiquidationByCurrency,2020-12-28 16:59:19.818221
9002,DU2795887,1012463.4351,BASE,CashBalance,2020-12-28 17:02:19.730593
9002,DU2795887,1012463.4351,BASE,TotalCashBalance,2020-12-28 17:02:19.762534
9002,DU2795887,1012403.7274,BASE,NetLiquidationByCurrency,2020-12-28 17:02:19.793546
9002,DU2795887,1012535.8086,BASE,CashBalance,2020-12-28 17:05:19.739571
9002,DU2795887,1012535.8086,BASE,TotalCashBalance,2020-12-28 17:05:19.771757
9002,DU2795887,1012476.0922,BASE,NetLiquidationByCurrency,2020-12-28 17:05:19.801630
9002,DU2795887,1012668.1115,BASE,CashBalance,2020-12-28 17:06:24.884806
9002,DU2795887,1012668.1115,BASE,TotalCashBalance,2020-12-28 17:06:24.931527
9002,DU2795887,1012608.3791,BASE,NetLiquidationByCurrency,2020-12-28 17:06:24.962535
9002,DU2795887,1012748.3168,BASE,CashBalance,2020-12-28 17:06:39.935405
9002,DU2795887,1012748.3168,BASE,TotalCashBalance,2020-12-28 17:06:39.950400
9002,DU2795887,1012688.5742,BASE,NetLiquidationByCurrency,2020-12-28 17:06:39.982685
9002,DU2795887,1012872.5189,BASE,CashBalance,2020-12-28 17:09:39.878279
9002,DU2795887,1012872.5189,BASE,TotalCashBalance,2020-12-28 17:09:39.910225
9002,DU2795887,1012812.7605,BASE,NetLiquidationByCurrency,2020-12-28 17:09:39.942412
9002,DU2795887,1012936.9783,BASE,CashBalance,2020-12-28 17:10:09.421941
9002,DU2795887,1012936.9783,BASE,TotalCashBalance,2020-12-28 17:10:09.451880
9002,DU2795887,1012877.2113,BASE,NetLiquidationByCurrency,2020-12-28 17:10:09.482918
9002,DU2795887,1012973.1474,BASE,CashBalance,2020-12-28 17:10:24.492964
9002,DU2795887,1012973.1474,BASE,TotalCashBalance,2020-12-28 17:10:24.523961
9002,DU2795887,1012913.3754,BASE,NetLiquidationByCurrency,2020-12-28 17:10:24.556008
9002,DU2795887,1013041.9462,BASE,CashBalance,2020-12-28 17:13:24.431673
9002,DU2795887,1013041.9462,BASE,TotalCashBalance,2020-12-28 17:13:24.446541
9002,DU2795887,1012982.165,BASE,NetLiquidationByCurrency,2020-12-28 17:13:24.477558
9002,DU2795887,1012953.2501,BASE,CashBalance,2020-12-28 17:16:24.422122
9002,DU2795887,1012953.2501,BASE,TotalCashBalance,2020-12-28 17:16:24.454133
9002,DU2795887,1012893.4808,BASE,NetLiquidationByCurrency,2020-12-28 17:16:24.486444
9002,DU2795887,1012924.3021,BASE,CashBalance,2020-12-28 17:16:35.427589
9002,DU2795887,1012924.3021,BASE,TotalCashBalance,2020-12-28 17:16:35.458488
9002,DU2795887,1012864.5365,BASE,NetLiquidationByCurrency,2020-12-28 17:16:35.488477
9002,DU2795887,1012819.229,BASE,CashBalance,2020-12-28 17:16:50.425976
9002,DU2795887,1012819.229,BASE,TotalCashBalance,2020-12-28 17:16:50.457010
9002,DU2795887,1012759.4769,BASE,NetLiquidationByCurrency,2020-12-28 17:16:50.488011
9002,DU2795887,1012727.4599,BASE,CashBalance,2020-12-28 17:18:52.744446
9002,DU2795887,1012727.4599,BASE,TotalCashBalance,2020-12-28 17:18:52.776208
9002,DU2795887,1012667.7193,BASE,NetLiquidationByCurrency,2020-12-28 17:18:52.807226
9002,DU2795887,1012713.3687,BASE,CashBalance,2020-12-28 17:19:07.743109
9002,DU2795887,1012713.3687,BASE,TotalCashBalance,2020-12-28 17:19:07.774962
9002,DU2795887,1012653.6297,BASE,NetLiquidationByCurrency,2020-12-28 17:19:07.806916
9002,DU2795887,1012663.0906,BASE,CashBalance,2020-12-28 17:22:07.733982
9002,DU2795887,1012663.0906,BASE,TotalCashBalance,2020-12-28 17:22:07.766076
9002,DU2795887,1012603.3578,BASE,NetLiquidationByCurrency,2020-12-28 17:22:07.796087
9002,DU2795887,1012751.5685,BASE,CashBalance,2020-12-28 17:23:58.534001
9002,DU2795887,1012751.5685,BASE,TotalCashBalance,2020-12-28 17:23:58.566218
9002,DU2795887,1012691.8249,BASE,NetLiquidationByCurrency,2020-12-28 17:23:58.597017
9002,DU2795887,1012586.7389,BASE,CashBalance,2020-12-28 17:26:56.248431
9002,DU2795887,1012586.7389,BASE,TotalCashBalance,2020-12-28 17:26:56.271960
9002,DU2795887,1012527.0153,BASE,NetLiquidationByCurrency,2020-12-28 17:26:56.286956
9002,DU2795887,1012594.7431,BASE,CashBalance,2020-12-28 17:29:56.265443
9002,DU2795887,1012594.7431,BASE,TotalCashBalance,2020-12-28 17:29:56.296534
9002,DU2795887,1012535.0186,BASE,NetLiquidationByCurrency,2020-12-28 17:29:56.311414
9002,DU2795887,1012651.0603,BASE,CashBalance,2020-12-28 17:32:56.274860
9002,DU2795887,1012651.0603,BASE,TotalCashBalance,2020-12-28 17:32:56.290860
9002,DU2795887,1012591.3289,BASE,NetLiquidationByCurrency,2020-12-28 17:32:56.305926
9002,DU2795887,1012584.7258,BASE,CashBalance,2020-12-28 17:35:56.247956
9002,DU2795887,1012584.7258,BASE,TotalCashBalance,2020-12-28 17:35:56.280056
9002,DU2795887,1012525.0025,BASE,NetLiquidationByCurrency,2020-12-28 17:35:56.310001
9002,DU2795887,1012519.9684,BASE,CashBalance,2020-12-28 17:36:20.919171
9002,DU2795887,1012519.9684,BASE,TotalCashBalance,2020-12-28 17:36:20.950151
9002,DU2795887,1012460.2527,BASE,NetLiquidationByCurrency,2020-12-28 17:36:20.981183
9002,DU2795887,1012528.4211,BASE,CashBalance,2020-12-28 17:36:35.931003
9002,DU2795887,1012528.4211,BASE,TotalCashBalance,2020-12-28 17:36:35.963085
9002,DU2795887,1012468.7044,BASE,NetLiquidationByCurrency,2020-12-28 17:36:35.995079
9002,DU2795887,1012515.7924,BASE,CashBalance,2020-12-28 17:39:35.926949
9002,DU2795887,1012515.7924,BASE,TotalCashBalance,2020-12-28 17:39:35.958098
9002,DU2795887,1012456.0771,BASE,NetLiquidationByCurrency,2020-12-28 17:39:35.987978
9002,DU2795887,1012642.3816,BASE,CashBalance,2020-12-28 17:42:35.918083
9002,DU2795887,1012642.3816,BASE,TotalCashBalance,2020-12-28 17:42:35.948974
9002,DU2795887,1012582.6518,BASE,NetLiquidationByCurrency,2020-12-28 17:42:35.980229
9002,DU2795887,1012602.2816,BASE,CashBalance,2020-12-28 17:45:35.926460
9002,DU2795887,1012602.2816,BASE,TotalCashBalance,2020-12-28 17:45:35.958460
9002,DU2795887,1012542.5564,BASE,NetLiquidationByCurrency,2020-12-28 17:45:36.006617
9002,DU2795887,1012612.8475,BASE,CashBalance,2020-12-28 17:48:35.923905
9002,DU2795887,1012612.8475,BASE,TotalCashBalance,2020-12-28 17:48:35.954814
9002,DU2795887,1012553.121,BASE,NetLiquidationByCurrency,2020-12-28 17:48:35.985827
9002,DU2795887,1012583.3134,BASE,CashBalance,2020-12-28 17:51:35.920480
9002,DU2795887,1012583.3134,BASE,TotalCashBalance,2020-12-28 17:51:35.951363
9002,DU2795887,1012523.5903,BASE,NetLiquidationByCurrency,2020-12-28 17:51:35.981395
9002,DU2795887,1012528.4211,BASE,CashBalance,2020-12-28 17:54:35.911307
9002,DU2795887,1012528.4211,BASE,TotalCashBalance,2020-12-28 17:54:35.943311
9002,DU2795887,1012468.7044,BASE,NetLiquidationByCurrency,2020-12-28 17:54:35.975307
9002,DU2795887,1012511.566,BASE,CashBalance,2020-12-28 17:57:35.922680
9002,DU2795887,1012511.566,BASE,TotalCashBalance,2020-12-28 17:57:35.954488
9002,DU2795887,1012451.8513,BASE,NetLiquidationByCurrency,2020-12-28 17:57:35.985563
9002,DU2795887,1012439.8187,BASE,CashBalance,2020-12-28 18:00:35.891187
9002,DU2795887,1012439.8187,BASE,TotalCashBalance,2020-12-28 18:00:35.921242
9002,DU2795887,1012380.1122,BASE,NetLiquidationByCurrency,2020-12-28 18:00:35.953360
9002,DU2795887,1012513.6792,BASE,CashBalance,2020-12-28 18:03:35.912490
9002,DU2795887,1012513.6792,BASE,TotalCashBalance,2020-12-28 18:03:35.944379
9002,DU2795887,1012453.9642,BASE,NetLiquidationByCurrency,2020-12-28 18:03:35.960338
9002,DU2795887,1012515.7924,BASE,CashBalance,2020-12-28 18:06:35.895469
9002,DU2795887,1012515.7924,BASE,TotalCashBalance,2020-12-28 18:06:35.926298
9002,DU2795887,1012456.0771,BASE,NetLiquidationByCurrency,2020-12-28 18:06:35.956322
9002,DU2795887,1012437.7055,BASE,CashBalance,2020-12-28 18:09:35.900721
9002,DU2795887,1012437.7055,BASE,TotalCashBalance,2020-12-28 18:09:35.932961
9002,DU2795887,1012377.9993,BASE,NetLiquidationByCurrency,2020-12-28 18:09:35.963789
9002,DU2795887,1012338.4869,BASE,CashBalance,2020-12-28 18:12:35.922454
9002,DU2795887,1012338.4869,BASE,TotalCashBalance,2020-12-28 18:12:35.953493
9002,DU2795887,1012278.7922,BASE,NetLiquidationByCurrency,2020-12-28 18:12:35.984585
9002,DU2795887,1012311.1789,BASE,CashBalance,2020-12-28 18:13:17.886840
9002,DU2795887,1012311.1789,BASE,TotalCashBalance,2020-12-28 18:13:17.916654
9002,DU2795887,1012251.4872,BASE,NetLiquidationByCurrency,2020-12-28 18:13:17.947639
9002,DU2795887,1012255.8988,BASE,CashBalance,2020-12-28 18:13:32.910444
9002,DU2795887,1012255.8988,BASE,TotalCashBalance,2020-12-28 18:13:32.940383
9002,DU2795887,1012196.2132,BASE,NetLiquidationByCurrency,2020-12-28 18:13:32.972423
9002,DU2795887,1012344.3259,BASE,CashBalance,2020-12-28 18:16:32.872111
9002,DU2795887,1012344.3259,BASE,TotalCashBalance,2020-12-28 18:16:32.904144
9002,DU2795887,1012284.6305,BASE,NetLiquidationByCurrency,2020-12-28 18:16:32.935258
9002,DU2795887,1012386.3261,BASE,CashBalance,2020-12-28 18:19:32.859358
9002,DU2795887,1012386.3261,BASE,TotalCashBalance,2020-12-28 18:19:32.891361
9002,DU2795887,1012326.6261,BASE,NetLiquidationByCurrency,2020-12-28 18:19:32.923332
9002,DU2795887,1012496.8336,BASE,CashBalance,2020-12-28 18:22:32.864326
9002,DU2795887,1012496.8336,BASE,TotalCashBalance,2020-12-28 18:22:32.895443
9002,DU2795887,1012437.1213,BASE,NetLiquidationByCurrency,2020-12-28 18:22:32.925325
9002,DU2795887,1012277.6456,BASE,CashBalance,2020-12-28 18:23:09.386668
9002,DU2795887,1012277.6456,BASE,TotalCashBalance,2020-12-28 18:23:09.416678
9002,DU2795887,1012217.9573,BASE,NetLiquidationByCurrency,2020-12-28 18:23:09.446600
9002,DU2795887,1012273.0187,BASE,CashBalance,2020-12-28 18:23:24.391502
9002,DU2795887,1012273.0187,BASE,TotalCashBalance,2020-12-28 18:23:24.422480
9002,DU2795887,1012213.3309,BASE,NetLiquidationByCurrency,2020-12-28 18:23:24.453731
9002,DU2795887,1012337.6851,BASE,CashBalance,2020-12-28 18:24:00.572653
9002,DU2795887,1012337.6851,BASE,TotalCashBalance,2020-12-28 18:24:00.604734
9002,DU2795887,1012277.9904,BASE,NetLiquidationByCurrency,2020-12-28 18:24:00.636658
9002,DU2795887,1012273.0187,BASE,CashBalance,2020-12-28 18:26:57.812458
9002,DU2795887,1012273.0187,BASE,TotalCashBalance,2020-12-28 18:26:57.844675
9002,DU2795887,1012213.3309,BASE,NetLiquidationByCurrency,2020-12-28 18:26:57.875492
9002,DU2795887,1012518.3268,BASE,CashBalance,2020-12-28 18:29:13.764820
9002,DU2795887,1012518.3268,BASE,TotalCashBalance,2020-12-28 18:29:13.795551
9002,DU2795887,1012458.6128,BASE,NetLiquidationByCurrency,2020-12-28 18:29:13.826544
9002,DU2795887,1012532.1684,BASE,CashBalance,2020-12-28 18:29:15.218933
9002,DU2795887,1012532.1684,BASE,TotalCashBalance,2020-12-28 18:29:15.248974
9002,DU2795887,1012472.4527,BASE,NetLiquidationByCurrency,2020-12-28 18:29:15.280966
9002,DU2795887,1012582.8343,BASE,CashBalance,2020-12-28 18:29:28.742497
9002,DU2795887,1012582.8343,BASE,TotalCashBalance,2020-12-28 18:29:28.774472
9002,DU2795887,1012523.1127,BASE,NetLiquidationByCurrency,2020-12-28 18:29:28.790598
9002,DU2795887,1012587.0607,BASE,CashBalance,2020-12-28 18:32:28.712734
9002,DU2795887,1012587.0607,BASE,TotalCashBalance,2020-12-28 18:32:28.743902
9002,DU2795887,1012527.3386,BASE,NetLiquidationByCurrency,2020-12-28 18:32:28.773715
9002,DU2795887,1012574.3816,BASE,CashBalance,2020-12-28 18:35:28.731544
9002,DU2795887,1012574.3816,BASE,TotalCashBalance,2020-12-28 18:35:28.762341
9002,DU2795887,1012514.661,BASE,NetLiquidationByCurrency,2020-12-28 18:35:28.793310
9002,DU2795887,1012561.7529,BASE,CashBalance,2020-12-28 18:38:28.739319
9002,DU2795887,1012561.7529,BASE,TotalCashBalance,2020-12-28 18:38:28.771232
9002,DU2795887,1012502.0337,BASE,NetLiquidationByCurrency,2020-12-28 18:38:28.802260
9002,DU2795887,1012435.1133,BASE,CashBalance,2020-12-28 18:41:28.762876
9002,DU2795887,1012435.1133,BASE,TotalCashBalance,2020-12-28 18:41:28.793978
9002,DU2795887,1012375.4088,BASE,NetLiquidationByCurrency,2020-12-28 18:41:28.824887
9002,DU2795887,1012312.7124,BASE,CashBalance,2020-12-28 18:42:33.924870
9002,DU2795887,1012312.7124,BASE,TotalCashBalance,2020-12-28 18:42:33.956866
9002,DU2795887,1012253.0218,BASE,NetLiquidationByCurrency,2020-12-28 18:42:33.972923
9002,DU2795887,1012314.9257,BASE,CashBalance,2020-12-28 18:42:48.933184
9002,DU2795887,1012314.9257,BASE,TotalCashBalance,2020-12-28 18:42:48.964153
9002,DU2795887,1012255.2349,BASE,NetLiquidationByCurrency,2020-12-28 18:42:48.995361
9002,DU2795887,1012361.3525,BASE,CashBalance,2020-12-28 18:45:48.913218
9002,DU2795887,1012361.3525,BASE,TotalCashBalance,2020-12-28 18:45:48.944002
9002,DU2795887,1012301.6566,BASE,NetLiquidationByCurrency,2020-12-28 18:45:48.975167
9002,DU2795887,1012359.1392,BASE,CashBalance,2020-12-28 18:48:48.907634
9002,DU2795887,1012359.1392,BASE,TotalCashBalance,2020-12-28 18:48:48.955646
9002,DU2795887,1012299.4436,BASE,NetLiquidationByCurrency,2020-12-28 18:48:48.987789
9002,DU2795887,1012341.4854,BASE,CashBalance,2020-12-28 18:51:48.883837
9002,DU2795887,1012341.4854,BASE,TotalCashBalance,2020-12-28 18:51:48.914891
9002,DU2795887,1012281.7917,BASE,NetLiquidationByCurrency,2020-12-28 18:51:48.946906
9002,DU2795887,1012432.0731,BASE,CashBalance,2020-12-28 18:54:48.890271
9002,DU2795887,1012432.0731,BASE,TotalCashBalance,2020-12-28 18:54:48.920783
9002,DU2795887,1012372.3694,BASE,NetLiquidationByCurrency,2020-12-28 18:54:48.950838
9002,DU2795887,1012239.7785,BASE,CashBalance,2020-12-28 18:57:48.892682
9002,DU2795887,1012239.7785,BASE,TotalCashBalance,2020-12-28 18:57:48.908837
9002,DU2795887,1012180.096,BASE,NetLiquidationByCurrency,2020-12-28 18:57:48.940557
9002,DU2795887,1012306.1251,BASE,CashBalance,2020-12-28 19:00:48.912027
9002,DU2795887,1012306.1251,BASE,TotalCashBalance,2020-12-28 19:00:48.944288
9002,DU2795887,1012246.4353,BASE,NetLiquidationByCurrency,2020-12-28 19:00:48.976053
9002,DU2795887,1012379.059,BASE,CashBalance,2020-12-28 19:03:48.885205
9002,DU2795887,1012379.059,BASE,TotalCashBalance,2020-12-28 19:03:48.915211
9002,DU2795887,1012319.3612,BASE,NetLiquidationByCurrency,2020-12-28 19:03:48.946182
9002,DU2795887,1012376.8457,BASE,CashBalance,2020-12-28 19:06:48.931521
9002,DU2795887,1012376.8457,BASE,TotalCashBalance,2020-12-28 19:06:48.962328
9002,DU2795887,1012317.1481,BASE,NetLiquidationByCurrency,2020-12-28 19:06:48.993357
9002,DU2795887,1012401.1394,BASE,CashBalance,2020-12-28 19:09:48.884803
9002,DU2795887,1012401.1394,BASE,TotalCashBalance,2020-12-28 19:09:48.916890
9002,DU2795887,1012341.4391,BASE,NetLiquidationByCurrency,2020-12-28 19:09:48.946595
9002,DU2795887,1012350.286,BASE,CashBalance,2020-12-28 19:12:48.908233
9002,DU2795887,1012350.286,BASE,TotalCashBalance,2020-12-28 19:12:48.940264
9002,DU2795887,1012290.5913,BASE,NetLiquidationByCurrency,2020-12-28 19:12:48.972243
9002,DU2795887,1012394.4995,BASE,CashBalance,2020-12-28 19:15:48.894276
9002,DU2795887,1012394.4995,BASE,TotalCashBalance,2020-12-28 19:15:48.926341
9002,DU2795887,1012334.7999,BASE,NetLiquidationByCurrency,2020-12-28 19:15:48.957225
9002,DU2795887,1012319.3523,BASE,CashBalance,2020-12-28 19:18:48.880264
9002,DU2795887,1012319.3523,BASE,TotalCashBalance,2020-12-28 19:18:48.911245
9002,DU2795887,1012259.661,BASE,NetLiquidationByCurrency,2020-12-28 19:18:48.943453
9002,DU2795887,1012292.8453,BASE,CashBalance,2020-12-28 19:21:48.872927
9002,DU2795887,1012292.8453,BASE,TotalCashBalance,2020-12-28 19:21:48.903732
9002,DU2795887,1012233.1569,BASE,NetLiquidationByCurrency,2020-12-28 19:21:48.934743
9002,DU2795887,1012314.9257,BASE,CashBalance,2020-12-28 19:23:59.503518
9002,DU2795887,1012314.9257,BASE,TotalCashBalance,2020-12-28 19:23:59.533424
9002,DU2795887,1012255.2349,BASE,NetLiquidationByCurrency,2020-12-28 19:23:59.565483
9002,DU2795887,1012306.1251,BASE,CashBalance,2020-12-28 19:26:57.162510
9002,DU2795887,1012306.1251,BASE,TotalCashBalance,2020-12-28 19:26:57.178195
9002,DU2795887,1012246.4353,BASE,NetLiquidationByCurrency,2020-12-28 19:26:57.210381
9002,DU2795887,1012361.3525,BASE,CashBalance,2020-12-28 19:29:57.162583
9002,DU2795887,1012361.3525,BASE,TotalCashBalance,2020-12-28 19:29:57.193622
9002,DU2795887,1012301.6566,BASE,NetLiquidationByCurrency,2020-12-28 19:29:57.208471
9002,DU2795887,1012432.0731,BASE,CashBalance,2020-12-28 19:32:57.155110
9002,DU2795887,1012432.0731,BASE,TotalCashBalance,2020-12-28 19:32:57.187306
9002,DU2795887,1012372.3694,BASE,NetLiquidationByCurrency,2020-12-28 19:32:57.233144
9002,DU2795887,1012394.4995,BASE,CashBalance,2020-12-28 19:35:57.162669
9002,DU2795887,1012394.4995,BASE,TotalCashBalance,2020-12-28 19:35:57.192611
9002,DU2795887,1012334.7999,BASE,NetLiquidationByCurrency,2020-12-28 19:35:57.223694
9002,DU2795887,1012396.7128,BASE,CashBalance,2020-12-28 19:38:57.121873
9002,DU2795887,1012396.7128,BASE,TotalCashBalance,2020-12-28 19:38:57.152974
9002,DU2795887,1012337.013,BASE,NetLiquidationByCurrency,2020-12-28 19:38:57.183837
9002,DU2795887,1012323.7789,BASE,CashBalance,2020-12-28 19:41:57.121559
9002,DU2795887,1012323.7789,BASE,TotalCashBalance,2020-12-28 19:41:57.167671
9002,DU2795887,1012264.0872,BASE,NetLiquidationByCurrency,2020-12-28 19:41:57.198469
9002,DU2795887,1012105.1915,BASE,CashBalance,2020-12-28 19:44:40.467626
9002,DU2795887,1012105.1915,BASE,TotalCashBalance,2020-12-28 19:44:40.498583
9002,DU2795887,1012045.5237,BASE,NetLiquidationByCurrency,2020-12-28 19:44:40.529613
9002,DU2795887,1012091.3108,BASE,CashBalance,2020-12-28 19:44:55.506158
9002,DU2795887,1012091.3108,BASE,TotalCashBalance,2020-12-28 19:44:55.538027
9002,DU2795887,1012031.6445,BASE,NetLiquidationByCurrency,2020-12-28 19:44:55.570017
9002,DU2795887,1012065.9179,BASE,CashBalance,2020-12-28 19:47:55.528551
9002,DU2795887,1012065.9179,BASE,TotalCashBalance,2020-12-28 19:47:55.560555
9002,DU2795887,1012006.2543,BASE,NetLiquidationByCurrency,2020-12-28 19:47:55.591562
9002,DU2795887,1012199.8776,BASE,CashBalance,2020-12-28 19:50:55.561072
9002,DU2795887,1012199.8776,BASE,TotalCashBalance,2020-12-28 19:50:55.593187
9002,DU2795887,1012140.1997,BASE,NetLiquidationByCurrency,2020-12-28 19:50:55.608094
9002,DU2795887,1012266.9125,BASE,CashBalance,2020-12-28 19:53:55.675058
9002,DU2795887,1012266.9125,BASE,TotalCashBalance,2020-12-28 19:53:55.707130
9002,DU2795887,1012207.2275,BASE,NetLiquidationByCurrency,2020-12-28 19:53:55.739073
9002,DU2795887,1012285.5654,BASE,CashBalance,2020-12-28 19:54:22.526924
9002,DU2795887,1012285.5654,BASE,TotalCashBalance,2020-12-28 19:54:22.557724
9002,DU2795887,1012225.8785,BASE,NetLiquidationByCurrency,2020-12-28 19:54:22.587727
9002,DU2795887,1012354.0727,BASE,CashBalance,2020-12-28 19:54:37.513226
9002,DU2795887,1012354.0727,BASE,TotalCashBalance,2020-12-28 19:54:37.544226
9002,DU2795887,1012294.3782,BASE,NetLiquidationByCurrency,2020-12-28 19:54:37.574166
9002,DU2795887,1012373.9925,BASE,CashBalance,2020-12-28 19:57:37.521151
9002,DU2795887,1012373.9925,BASE,TotalCashBalance,2020-12-28 19:57:37.553179
9002,DU2795887,1012314.2958,BASE,NetLiquidationByCurrency,2020-12-28 19:57:37.584138
9002,DU2795887,1012283.3521,BASE,CashBalance,2020-12-28 20:00:37.516788
9002,DU2795887,1012283.3521,BASE,TotalCashBalance,2020-12-28 20:00:37.548758
9002,DU2795887,1012223.6655,BASE,NetLiquidationByCurrency,2020-12-28 20:00:37.580772
9002,DU2795887,1012347.4854,BASE,CashBalance,2020-12-28 20:03:37.495157
9002,DU2795887,1012347.4854,BASE,TotalCashBalance,2020-12-28 20:03:37.527131
9002,DU2795887,1012287.7917,BASE,NetLiquidationByCurrency,2020-12-28 20:03:37.558130
9002,DU2795887,1012312.1251,BASE,CashBalance,2020-12-28 20:12:43.699540
9002,DU2795887,1012312.1251,BASE,TotalCashBalance,2020-12-28 20:12:43.731530
9002,DU2795887,1012252.4353,BASE,NetLiquidationByCurrency,2020-12-28 20:12:43.746628
9002,DU2795887,1012270.1249,BASE,CashBalance,2020-12-28 20:15:43.663647
9002,DU2795887,1012270.1249,BASE,TotalCashBalance,2020-12-28 20:15:43.693529
9002,DU2795887,1012210.4398,BASE,NetLiquidationByCurrency,2020-12-28 20:15:43.740530
9002,DU2795887,1012274.4988,BASE,CashBalance,2020-12-28 20:18:43.647296
9002,DU2795887,1012274.4988,BASE,TotalCashBalance,2020-12-28 20:18:43.678152
9002,DU2795887,1012214.8132,BASE,NetLiquidationByCurrency,2020-12-28 20:18:43.725165
9002,DU2795887,1012278.9255,BASE,CashBalance,2020-12-28 20:21:43.670845
9002,DU2795887,1012278.9255,BASE,TotalCashBalance,2020-12-28 20:21:43.701871
9002,DU2795887,1012219.2393,BASE,NetLiquidationByCurrency,2020-12-28 20:21:43.733843
9002,DU2795887,1012223.6981,BASE,CashBalance,2020-12-28 20:23:54.927321
9002,DU2795887,1012223.6981,BASE,TotalCashBalance,2020-12-28 20:23:54.957241
9002,DU2795887,1012164.0181,BASE,NetLiquidationByCurrency,2020-12-28 20:23:54.988354
9002,DU2795887,1012212.6315,BASE,CashBalance,2020-12-28 20:26:53.434012
9002,DU2795887,1012212.6315,BASE,TotalCashBalance,2020-12-28 20:26:53.465750
9002,DU2795887,1012152.9527,BASE,NetLiquidationByCurrency,2020-12-28 20:26:53.497965
9002,DU2795887,1012148.5509,BASE,CashBalance,2020-12-28 20:29:53.432914
9002,DU2795887,1012148.5509,BASE,TotalCashBalance,2020-12-28 20:29:53.462871
9002,DU2795887,1012088.8792,BASE,NetLiquidationByCurrency,2020-12-28 20:29:53.494818
9002,DU2795887,1012186.1245,BASE,CashBalance,2020-12-28 20:32:53.435549
9002,DU2795887,1012186.1245,BASE,TotalCashBalance,2020-12-28 20:32:53.467619
9002,DU2795887,1012126.4486,BASE,NetLiquidationByCurrency,2020-12-28 20:32:53.499611
9002,DU2795887,1012108.878,BASE,CashBalance,2020-12-28 20:35:02.966075
9002,DU2795887,1012108.878,BASE,TotalCashBalance,2020-12-28 20:35:02.997024
9002,DU2795887,1012049.2105,BASE,NetLiquidationByCurrency,2020-12-28 20:35:03.012995
9002,DU2795887,1012157.3503,BASE,CashBalance,2020-12-28 20:35:17.986116
9002,DU2795887,1012157.3503,BASE,TotalCashBalance,2020-12-28 20:35:18.001322
9002,DU2795887,1012097.6776,BASE,NetLiquidationByCurrency,2020-12-28 20:35:18.031046
9002,DU2795887,1012111.1915,BASE,CashBalance,2020-12-28 20:38:17.984122
9002,DU2795887,1012111.1915,BASE,TotalCashBalance,2020-12-28 20:38:18.015119
9002,DU2795887,1012051.5237,BASE,NetLiquidationByCurrency,2020-12-28 20:38:18.047195
9002,DU2795887,1012161.9771,BASE,CashBalance,2020-12-28 20:41:17.992409
9002,DU2795887,1012161.9771,BASE,TotalCashBalance,2020-12-28 20:41:18.023486
9002,DU2795887,1012102.304,BASE,NetLiquidationByCurrency,2020-12-28 20:41:18.054513
9002,DU2795887,1012157.3503,BASE,CashBalance,2020-12-28 20:44:17.968971
9002,DU2795887,1012157.3503,BASE,TotalCashBalance,2020-12-28 20:44:17.999947
9002,DU2795887,1012097.6776,BASE,NetLiquidationByCurrency,2020-12-28 20:44:18.046118
9002,DU2795887,1012171.2309,BASE,CashBalance,2020-12-28 20:47:17.970718
9002,DU2795887,1012171.2309,BASE,TotalCashBalance,2020-12-28 20:47:18.001533
9002,DU2795887,1012111.5568,BASE,NetLiquidationByCurrency,2020-12-28 20:47:18.016544
9002,DU2795887,1012203.5641,BASE,CashBalance,2020-12-28 20:50:17.977018
9002,DU2795887,1012203.5641,BASE,TotalCashBalance,2020-12-28 20:50:18.007048
9002,DU2795887,1012143.8865,BASE,NetLiquidationByCurrency,2020-12-28 20:50:18.039007
9002,DU2795887,1012129.644,BASE,CashBalance,2020-12-28 20:53:17.972332
9002,DU2795887,1012129.644,BASE,TotalCashBalance,2020-12-28 20:53:18.003318
9002,DU2795887,1012069.9742,BASE,NetLiquidationByCurrency,2020-12-28 20:53:18.018321
9002,DU2795887,1012235.9524,BASE,CashBalance,2020-12-28 20:56:17.986265
9002,DU2795887,1012235.9524,BASE,TotalCashBalance,2020-12-28 20:56:18.016385
9002,DU2795887,1012176.2714,BASE,NetLiquidationByCurrency,2020-12-28 20:56:18.048163
9002,DU2795887,1012364.8993,BASE,CashBalance,2020-12-28 21:00:17.690665
9002,DU2795887,1012364.8993,BASE,TotalCashBalance,2020-12-28 21:00:17.722626
9002,DU2795887,1012305.2044,BASE,NetLiquidationByCurrency,2020-12-28 21:00:17.754662
9002,DU2795887,1012287.5388,BASE,CashBalance,2020-12-28 21:00:32.683714
9002,DU2795887,1012287.5388,BASE,TotalCashBalance,2020-12-28 21:00:32.714852
9002,DU2795887,1012227.8524,BASE,NetLiquidationByCurrency,2020-12-28 21:00:32.746883
9002,DU2795887,1012283.1122,BASE,CashBalance,2020-12-28 21:03:32.678071
9002,DU2795887,1012283.1122,BASE,TotalCashBalance,2020-12-28 21:03:32.708969
9002,DU2795887,1012223.4263,BASE,NetLiquidationByCurrency,2020-12-28 21:03:32.738992
9002,DU2795887,1012342.8189,BASE,CashBalance,2020-12-28 21:06:32.699845
9002,DU2795887,1012342.8189,BASE,TotalCashBalance,2020-12-28 21:06:32.730783
9002,DU2795887,1012283.1264,BASE,NetLiquidationByCurrency,2020-12-28 21:06:32.761757
9002,DU2795887,1012318.5251,BASE,CashBalance,2020-12-28 21:09:32.682335
9002,DU2795887,1012318.5251,BASE,TotalCashBalance,2020-12-28 21:09:32.713300
9002,DU2795887,1012258.8353,BASE,NetLiquidationByCurrency,2020-12-28 21:09:32.744259
9002,DU2795887,1012216.8182,BASE,CashBalance,2020-12-28 21:12:32.685727
9002,DU2795887,1012216.8182,BASE,TotalCashBalance,2020-12-28 21:12:32.716545
9002,DU2795887,1012157.1397,BASE,NetLiquidationByCurrency,2020-12-28 21:12:32.747545
9002,DU2795887,1012269.885,BASE,CashBalance,2020-12-28 21:15:32.680206
9002,DU2795887,1012269.885,BASE,TotalCashBalance,2020-12-28 21:15:32.711263
9002,DU2795887,1012210.2006,BASE,NetLiquidationByCurrency,2020-12-28 21:15:32.742258
9002,DU2795887,1012261.0317,BASE,CashBalance,2020-12-28 21:18:32.689792
9002,DU2795887,1012261.0317,BASE,TotalCashBalance,2020-12-28 21:18:32.720806
9002,DU2795887,1012201.3483,BASE,NetLiquidationByCurrency,2020-12-28 21:18:32.735756
9002,DU2795887,1012243.3252,BASE,CashBalance,2020-12-28 21:21:32.643132
9002,DU2795887,1012243.3252,BASE,TotalCashBalance,2020-12-28 21:21:32.674168
9002,DU2795887,1012183.6438,BASE,NetLiquidationByCurrency,2020-12-28 21:21:32.705221
9002,DU2795887,1012154.9509,BASE,CashBalance,2020-12-28 21:24:00.859722
9002,DU2795887,1012154.9509,BASE,TotalCashBalance,2020-12-28 21:24:00.889741
9002,DU2795887,1012095.2792,BASE,NetLiquidationByCurrency,2020-12-28 21:24:00.920786
9002,DU2795887,1012172.6047,BASE,CashBalance,2020-12-28 21:26:58.248986
9002,DU2795887,1012172.6047,BASE,TotalCashBalance,2020-12-28 21:26:58.280853
9002,DU2795887,1012112.931,BASE,NetLiquidationByCurrency,2020-12-28 21:26:58.312883
9002,DU2795887,1012106.2242,BASE,CashBalance,2020-12-28 21:32:24.966054
9002,DU2795887,1012106.2242,BASE,TotalCashBalance,2020-12-28 21:32:24.998190
9002,DU2795887,1012046.5577,BASE,NetLiquidationByCurrency,2020-12-28 21:32:25.030062
9002,DU2795887,1012103.9108,BASE,CashBalance,2020-12-28 21:32:39.954176
9002,DU2795887,1012103.9108,BASE,TotalCashBalance,2020-12-28 21:32:39.986185
9002,DU2795887,1012044.2445,BASE,NetLiquidationByCurrency,2020-12-28 21:32:40.050337
9002,DU2795887,1012108.5377,BASE,CashBalance,2020-12-28 21:35:39.937812
9002,DU2795887,1012108.5377,BASE,TotalCashBalance,2020-12-28 21:35:39.969882
9002,DU2795887,1012048.8709,BASE,NetLiquidationByCurrency,2020-12-28 21:35:39.985830
9002,DU2795887,1012177.8309,BASE,CashBalance,2020-12-28 21:38:39.949420
9002,DU2795887,1012177.8309,BASE,TotalCashBalance,2020-12-28 21:38:39.980359
9002,DU2795887,1012118.1568,BASE,NetLiquidationByCurrency,2020-12-28 21:38:40.010398
9002,DU2795887,1012124.6767,BASE,CashBalance,2020-12-28 21:40:19.941138
9002,DU2795887,1012124.6767,BASE,TotalCashBalance,2020-12-28 21:40:19.972109
9002,DU2795887,1012065.0082,BASE,NetLiquidationByCurrency,2020-12-28 21:40:19.987178
9002,DU2795887,1012122.4184,BASE,CashBalance,2020-12-28 21:43:19.943626
9002,DU2795887,1012122.4184,BASE,TotalCashBalance,2020-12-28 21:43:19.974431
9002,DU2795887,1012062.7501,BASE,NetLiquidationByCurrency,2020-12-28 21:43:20.004576
9002,DU2795887,1012154.7515,BASE,CashBalance,2020-12-28 21:46:19.962334
9002,DU2795887,1012154.7515,BASE,TotalCashBalance,2020-12-28 21:46:19.992262
9002,DU2795887,1012095.0798,BASE,NetLiquidationByCurrency,2020-12-28 21:46:20.024318
9002,DU2795887,1012210.1641,BASE,CashBalance,2020-12-28 21:49:19.919648
9002,DU2795887,1012210.1641,BASE,TotalCashBalance,2020-12-28 21:49:19.950615
9002,DU2795887,1012150.4865,BASE,NetLiquidationByCurrency,2020-12-28 21:49:19.980658
9002,DU2795887,1012191.7116,BASE,CashBalance,2020-12-28 21:50:41.929977
9002,DU2795887,1012191.7116,BASE,TotalCashBalance,2020-12-28 21:50:41.962156
9002,DU2795887,1012132.036,BASE,NetLiquidationByCurrency,2020-12-28 21:50:41.993255
9002,DU2795887,1012189.3982,BASE,CashBalance,2020-12-28 21:53:41.937939
9002,DU2795887,1012189.3982,BASE,TotalCashBalance,2020-12-28 21:53:41.969998
9002,DU2795887,1012129.7228,BASE,NetLiquidationByCurrency,2020-12-28 21:53:41.985163
9002,DU2795887,1012288.7112,BASE,CashBalance,2020-12-28 21:56:41.948652
9002,DU2795887,1012288.7112,BASE,TotalCashBalance,2020-12-28 21:56:41.980634
9002,DU2795887,1012229.0253,BASE,NetLiquidationByCurrency,2020-12-28 21:56:42.011590
9002,DU2795887,1012324.7251,BASE,CashBalance,2020-12-28 21:58:05.032513
9002,DU2795887,1012324.7251,BASE,TotalCashBalance,2020-12-28 21:58:05.048292
9002,DU2795887,1012265.0353,BASE,NetLiquidationByCurrency,2020-12-28 21:58:05.078259
9002,DU2795887,1012437.4459,BASE,CashBalance,2020-12-28 22:01:19.995445
9002,DU2795887,1012437.4459,BASE,TotalCashBalance,2020-12-28 22:01:20.026381
9002,DU2795887,1012377.7437,BASE,NetLiquidationByCurrency,2020-12-28 22:01:20.042439
9002,DU2795887,1012417.5261,BASE,CashBalance,2020-12-28 22:04:20.031824
9002,DU2795887,1012417.5261,BASE,TotalCashBalance,2020-12-28 22:04:20.047841
9002,DU2795887,1012357.8261,BASE,NetLiquidationByCurrency,2020-12-28 22:04:20.079873
9002,DU2795887,1012415.3128,BASE,CashBalance,2020-12-28 22:07:20.034145
9002,DU2795887,1012415.3128,BASE,TotalCashBalance,2020-12-28 22:07:20.066202
9002,DU2795887,1012355.613,BASE,NetLiquidationByCurrency,2020-12-28 22:07:20.098149
9002,DU2795887,1012397.659,BASE,CashBalance,2020-12-28 22:10:20.034390
9002,DU2795887,1012397.659,BASE,TotalCashBalance,2020-12-28 22:10:20.065555
9002,DU2795887,1012337.9612,BASE,NetLiquidationByCurrency,2020-12-28 22:10:20.097548
9002,DU2795887,1012373.3126,BASE,CashBalance,2020-12-28 22:13:20.003197
9002,DU2795887,1012373.3126,BASE,TotalCashBalance,2020-12-28 22:13:20.035191
9002,DU2795887,1012313.6174,BASE,NetLiquidationByCurrency,2020-12-28 22:13:20.067338
9002,DU2795887,1012340.1788,BASE,CashBalance,2020-12-28 22:13:58.482642
9002,DU2795887,1012340.1788,BASE,TotalCashBalance,2020-12-28 22:13:58.514185
9002,DU2795887,1012280.4871,BASE,NetLiquidationByCurrency,2020-12-28 22:13:58.546229
9002,DU2795887,1012317.0994,BASE,CashBalance,2020-12-28 22:14:13.453397
9002,DU2795887,1012317.0994,BASE,TotalCashBalance,2020-12-28 22:14:13.484158
9002,DU2795887,1012257.4101,BASE,NetLiquidationByCurrency,2020-12-28 22:14:13.516143
9002,DU2795887,1012250.0645,BASE,CashBalance,2020-12-28 22:17:13.478026
9002,DU2795887,1012250.0645,BASE,TotalCashBalance,2020-12-28 22:17:13.508932
9002,DU2795887,1012190.3823,BASE,NetLiquidationByCurrency,2020-12-28 22:17:13.540891
9002,DU2795887,1012273.199,BASE,CashBalance,2020-12-28 22:23:13.486116
9002,DU2795887,1012273.199,BASE,TotalCashBalance,2020-12-28 22:23:13.517109
9002,DU2795887,1012213.5143,BASE,NetLiquidationByCurrency,2020-12-28 22:23:13.533092
9002,DU2795887,1012291.6515,BASE,CashBalance,2020-12-28 22:23:56.596713
9002,DU2795887,1012291.6515,BASE,TotalCashBalance,2020-12-28 22:23:56.626634
9002,DU2795887,1012231.9649,BASE,NetLiquidationByCurrency,2020-12-28 22:23:56.658637
9002,DU2795887,1012298.5918,BASE,CashBalance,2020-12-28 22:26:54.950719
9002,DU2795887,1012298.5918,BASE,TotalCashBalance,2020-12-28 22:26:54.982695
9002,DU2795887,1012238.9045,BASE,NetLiquidationByCurrency,2020-12-28 22:26:55.012712
9002,DU2795887,1012414.099,BASE,CashBalance,2020-12-28 22:29:54.965971
9002,DU2795887,1012414.099,BASE,TotalCashBalance,2020-12-28 22:29:54.995895
9002,DU2795887,1012354.3994,BASE,NetLiquidationByCurrency,2020-12-28 22:29:55.027874
9002,DU2795887,1012344.8057,BASE,CashBalance,2020-12-28 22:32:54.946009
9002,DU2795887,1012344.8057,BASE,TotalCashBalance,2020-12-28 22:32:54.976936
9002,DU2795887,1012285.1135,BASE,NetLiquidationByCurrency,2020-12-28 22:32:55.007958
9002,DU2795887,1012374.8254,BASE,CashBalance,2020-12-28 22:38:54.945780
9002,DU2795887,1012374.8254,BASE,TotalCashBalance,2020-12-28 22:38:54.977767
9002,DU2795887,1012315.13,BASE,NetLiquidationByCurrency,2020-12-28 22:38:55.009806
9002,DU2795887,1012414.099,BASE,CashBalance,2020-12-28 22:41:54.965193
9002,DU2795887,1012414.099,BASE,TotalCashBalance,2020-12-28 22:41:54.997224
9002,DU2795887,1012354.3994,BASE,NetLiquidationByCurrency,2020-12-28 22:41:55.013369
9002,DU2795887,1012437.2334,BASE,CashBalance,2020-12-28 22:44:54.943028
9002,DU2795887,1012437.2334,BASE,TotalCashBalance,2020-12-28 22:44:54.975055
9002,DU2795887,1012377.5314,BASE,NetLiquidationByCurrency,2020-12-28 22:44:55.007057
9002,DU2795887,1012506.5267,BASE,CashBalance,2020-12-28 22:47:54.961738
9002,DU2795887,1012506.5267,BASE,TotalCashBalance,2020-12-28 22:47:54.991646
9002,DU2795887,1012446.8173,BASE,NetLiquidationByCurrency,2020-12-28 22:47:55.021861
9002,DU2795887,1012524.9792,BASE,CashBalance,2020-12-28 22:53:54.957730
9002,DU2795887,1012524.9792,BASE,TotalCashBalance,2020-12-28 22:53:54.989677
9002,DU2795887,1012465.2679,BASE,NetLiquidationByCurrency,2020-12-28 22:53:55.019715
9002,DU2795887,1012604.2684,BASE,CashBalance,2020-12-28 22:56:38.165199
9002,DU2795887,1012604.2684,BASE,TotalCashBalance,2020-12-28 22:56:38.197065
9002,DU2795887,1012544.5481,BASE,NetLiquidationByCurrency,2020-12-28 22:56:38.229130
9002,DU2795887,1012589.5265,BASE,CashBalance,2020-12-28 22:56:53.138485
9002,DU2795887,1012589.5265,BASE,TotalCashBalance,2020-12-28 22:56:53.170509
9002,DU2795887,1012529.8079,BASE,NetLiquidationByCurrency,2020-12-28 22:56:53.202625
9002,DU2795887,1012595.866,BASE,CashBalance,2020-12-28 22:59:53.166135
9002,DU2795887,1012595.866,BASE,TotalCashBalance,2020-12-28 22:59:53.198132
9002,DU2795887,1012536.1467,BASE,NetLiquidationByCurrency,2020-12-28 22:59:53.230130
9002,DU2795887,1012635.9661,BASE,CashBalance,2020-12-28 23:02:53.162770
9002,DU2795887,1012635.9661,BASE,TotalCashBalance,2020-12-28 23:02:53.193946
9002,DU2795887,1012576.242,BASE,NetLiquidationByCurrency,2020-12-28 23:02:53.224755
9002,DU2795887,1012593.7529,BASE,CashBalance,2020-12-28 23:08:53.178534
9002,DU2795887,1012593.7529,BASE,TotalCashBalance,2020-12-28 23:08:53.209727
9002,DU2795887,1012534.0337,BASE,NetLiquidationByCurrency,2020-12-28 23:08:53.240490
9002,DU2795887,1012473.4528,BASE,CashBalance,2020-12-28 23:17:53.179739
9002,DU2795887,1012473.4528,BASE,TotalCashBalance,2020-12-28 23:17:53.211616
9002,DU2795887,1012413.7476,BASE,NetLiquidationByCurrency,2020-12-28 23:17:53.243599
9002,DU2795887,1012494.5342,BASE,CashBalance,2020-12-28 23:20:45.140466
9002,DU2795887,1012494.5342,BASE,TotalCashBalance,2020-12-28 23:20:45.171422
9002,DU2795887,1012434.8266,BASE,NetLiquidationByCurrency,2020-12-28 23:20:45.202481
9002,DU2795887,1012494.5342,BASE,CashBalance,2020-12-28 23:28:12.921085
9002,DU2795887,1012494.5342,BASE,TotalCashBalance,2020-12-28 23:28:12.940164
9002,DU2795887,1012434.8266,BASE,NetLiquidationByCurrency,2020-12-28 23:28:12.988418
9002,DU2795887,1012302.5122,BASE,CashBalance,2020-12-28 23:44:32.549963
9002,DU2795887,1012302.5122,BASE,TotalCashBalance,2020-12-28 23:44:32.581228
9002,DU2795887,1012242.8263,BASE,NetLiquidationByCurrency,2020-12-28 23:44:32.611943
9002,DU2795887,1012318.0053,BASE,CashBalance,2020-12-28 23:44:47.484287
9002,DU2795887,1012318.0053,BASE,TotalCashBalance,2020-12-28 23:44:47.516324
9002,DU2795887,1012258.3177,BASE,NetLiquidationByCurrency,2020-12-28 23:44:47.548326
